,회사명,거래소코드,회계년도,매출원가감소율
0,CMG제약,58820,2011-12,-24.14
9,DB하이텍,990,2011-12,-46.99
18,ES큐브,50120,2011-12,-4.17
27,HJ중공업,97230,2011-12,2.17
36,MH에탄올,23150,2011-12,-2.41
45,SH에너지화학,2360,2011-12,2.15
54,SIMPAC,9160,2011-12,0
63,SNT에너지,100840,2011-12,0
72,SNT홀딩스,36530,2011-12,3.448275862
81,STX,11810,2011-12,-1.086956522
90,TCC스틸,2710,2011-12,3.260869565
99,가비아,79940,2011-12,1.818181818
108,강스템바이오텍,217730,2015-12,0
113,강원랜드,35250,2011-12,13.95348837
122,강원에너지,114190,2011-11,0
131,갤럭시아에스엠,11420,2011-12,-2.43902439
140,경농,2100,2011-12,0
149,경동나비엔,9450,2011-12,2.702702703
158,경동도시가스,267290,2017-12,0
161,경동인베스트,12320,2011-12,2.127659574
170,경방,50,2011-12,6.756756757
179,경보제약,214390,2015-12,0
184,경인양행,12610,2011-12,0
193,고려시멘트,198440,2014-12,0
199,고영테크놀러지,98460,2011-12,4.651162791
208,골드앤에스,35290,2011-12,-4.411764706
217,골드퍼시픽,38530,2011-12,0
226,골프존,215000,2015-12,0
231,골프존뉴딘홀딩스,121440,2011-12,0
240,광림,14200,2011-12,0
249,광명전기,17040,2011-12,1.136363636
258,광무,29480,2011-12,6.097560976
267,광신세계,37710,2011-12,0
276,구영테크,53270,2011-12,2.272727273
285,국동,5320,2011-12,1.149425287
294,국보,1140,2011-12,2.150537634
303,국보디자인,66620,2011-12,0
312,국순당,43650,2011-12,14.03508772
321,국영지앤엠,6050,2011-12,0
330,국전약품,307750,2018-12,0
332,그래디언트,35080,2011-12,1.515151515
341,그리티,204020,2018-12,0
343,그린플러스,186230,2019-12,0
344,글로벌스탠다드테크놀로지,83450,2011-12,3.225806452
353,금비,8870,2011-09,0
362,금양,1570,2011-12,0
371,금호에이치티,214330,2015-12,0
376,금화피에스시,36190,2011-12,0
385,기가레인,49080,2013-12,0
392,기산텔레콤,35460,2011-12,10.11235955
401,까뮤이앤씨,13700,2011-12,0
410,까스텔바작,308100,2019-12,0
411,나노,187790,2014-12,0
417,나노브릭,286750,2019-12,0
418,나노신소재,121600,2011-12,0
427,나노엔텍,39860,2011-12,12.76595745
436,나무가,190510,2015-12,0
441,나스미디어,89600,2013-12,0
448,나이벡,138610,2011-12,0
457,나이스디앤비,130580,2011-12,0
466,나이스홀딩스,34310,2011-12,0
475,나인테크,267320,2017-12,0
478,남선알미늄,8350,2011-12,1.098901099
487,남성,4270,2011-12,0
496,내츄럴엔도텍,168330,2013-12,0
503,네오리진,94860,2011-12,2.409638554
512,네오셈,253590,2018-12,0
514,네오오토,212560,2015-12,0
519,네오위즈,95660,2011-12,0
528,네오위즈홀딩스,42420,2011-12,0
537,네오크레마,311390,2019-12,0
538,네오티스,85910,2011-12,0
547,네오팜,92730,2011-12,0
556,네오펙트,290660,2018-12,0
558,네온테크,306620,2018-12,0
560,네이블커뮤니케이션즈,153460,2012-12,0
568,네이처셀,7390,2011-12,0
577,네패스,33640,2011-12,2.409638554
586,넥센,5720,2011-12,3.488372093
595,넥스턴바이오사이언스,89140,2011-12,0
604,넥스트아이,137940,2011-12,0
613,넥스트엔터테인먼트월드,160550,2014-12,0
619,넥슨게임즈,225570,2015-12,0
624,넵튠,217270,2015-12,0
629,노랑풍선,104620,2019-12,0
630,노루페인트,90350,2011-12,1.234567901
639,노루홀딩스,320,2011-12,1.25
648,노바렉스,194700,2018-12,0
650,노바텍,285490,2018-12,0
652,노블엠앤비,106520,2012-12,0
660,노터스,278650,2019-12,0
661,녹십자,6280,2011-12,10.60606061
670,녹십자엠에스,142280,2014-12,0
676,녹십자웰빙,234690,2019-12,0
677,녹십자홀딩스,5250,2011-12,9.230769231
686,녹원씨엔아이,65560,2011-12,-2.985074627
695,농심,4370,2011-12,4.109589041
704,농심홀딩스,72710,2011-12,1.176470588
713,누리플랜,69140,2011-12,2.597402597
722,누리플렉스,40160,2011-12,8.695652174
731,누보,332290,2019-12,0
732,뉴로스,126870,2012-12,0
740,뉴보텍,60260,2011-12,0
749,뉴인텍,12340,2011-12,2.272727273
758,뉴트리,270870,2018-12,0
760,뉴파워프라즈마,144960,2016-12,0
764,뉴프렉스,85670,2011-12,-2.222222222
773,다나와,119860,2011-12,0
782,다날,64260,2011-12,0
791,다보링크,340360,2019-12,0
792,다산네트웍스,39560,2011-12,5.970149254
801,다우기술,23590,2011-12,-7.407407407
810,다우데이타,32190,2011-12,-5.084745763
819,다원시스,68240,2011-12,0
828,다이나믹디자인,145210,2015-12,0
833,대교,19680,2011-12,0
842,대구백화점,6370,2011-03,0
851,대덕,8060,2011-12,3.370786517
860,대동,490,2011-12,1.282051282
869,대동스틸,48470,2011-12,0
878,대륙제관,4780,2011-12,0
887,대림제지,17650,2011-12,0
896,대명소노시즌,7720,2011-12,13.0952381
905,대성미생물연구소,36480,2011-12,0
914,대성엘텍,25440,2011-12,6.12244898
923,대성파인텍,104040,2011-12,-3.896103896
932,대양금속,9190,2011-12,15.88785047
941,대우건설,47040,2011-12,-8.888888889
950,대웅,3090,2011-12,9.677419355
959,대웅제약,69620,2011-12,0
968,대원,7680,2017-12,0
971,대유,290380,2018-12,0
973,대유에이텍,2880,2011-12,2.173913043
982,대유에이피,290120,2018-12,0
984,대유플러스,300,2011-12,2.127659574
993,대창,12800,2011-12,3.157894737
1002,대창솔루션,96350,2011-12,0
1011,대창스틸,140520,2014-12,0
1017,대한과학,131220,2011-12,0
1026,대한항공,3490,2011-12,9.302325581
1035,대현,16090,2011-12,0
1044,대호에이엘,69460,2011-12,1.111111111
1053,대호특수강,21040,2011-12,0
1062,더 미동,161570,2013-12,0
1069,더블유게임즈,192080,2019-12,0
1070,더블유아이,73570,2011-12,2.150537634
1079,더블유에스아이,299170,2018-12,0
1081,더존비즈온,12510,2011-12,8.333333333
1090,덕산테코피아,317330,2019-12,0
1091,덕성,4830,2011-12,1.098901099
1100,덕신하우징,90410,2014-12,0
1106,데이타솔루션,263800,2017-12,0
1109,덱스터스튜디오,206560,2015-12,0
1114,덴티스,261200,2017-12,0
1117,덴티움,145720,2017-12,0
1120,도화엔지니어링,2150,2011-12,0
1129,동구바이오제약,6620,2018-12,0
1131,동국알앤에스,75970,2011-12,-1.176470588
1140,동국에스엔씨,100130,2011-12,-2.197802198
1149,동남합성,23450,2011-12,0
1158,동방,4140,2011-12,1.111111111
1167,동방선기,99410,2011-12,0
1176,동방아그로,7590,2011-12,1.428571429
1185,동서,26960,2016-12,0
1189,동성케미컬,102260,2011-12,3.448275862
1198,동성화인텍,33500,2011-12,0
1207,동아엘텍,88130,2011-12,10.81081081
1216,동아지질,28100,2011-12,4.210526316
1225,동양,1520,2011-12,0
1234,동양고속,84670,2011-12,6.976744186
1243,동양에스텍,60380,2011-12,1.063829787
1252,동우팜투테이블,88910,2011-12,0
1261,동운아나텍,94170,2015-12,0
1266,동원개발,13120,2011-12,0
1275,동원에프앤비,49770,2011-12,0
1284,동일기연,32960,2011-12,9.677419355
1293,동진쎄미켐,5290,2011-12,6.741573034
1302,두산,150,2011-12,15.06849315
1311,두산테스나,131970,2013-12,0
1318,두올,16740,2016-12,0
1322,듀오백,73190,2011-12,-1.538461538
1331,드래곤플라이,30350,2011-12,70
1340,드림시큐리티,203650,2014-12,0
1346,드림어스컴퍼니,60570,2011-12,8.602150538
1355,드림텍,192650,2019-12,0
1356,디딤,217620,2015-12,0
1361,디모아,16670,2011-12,0
1370,디바이스이엔지,187870,2017-12,0
1373,디비아이엔씨,12030,2011-12,0
1382,디스플레이테크,66670,2011-12,0
1391,디아이,3160,2011-12,7.692307692
1400,디아이씨,92200,2011-12,2.325581395
1409,디아크,78590,2011-12,0
1418,디알비동일,4840,2011-12,3.75
1427,디알젬,263690,2018-12,0
1429,디알텍,214680,2015-12,0
1434,디앤씨미디어,263720,2017-12,0
1437,디에스앤엘,141020,2013-12,0
1444,디에스케이,109740,2011-12,-6.172839506
1453,디에이테크놀로지,196490,2014-12,0
1459,디에이피,66900,2011-12,0
1468,디엔에이링크,127120,2011-12,0
1477,디엔에프,92070,2011-12,0
1486,디엔오토모티브,7340,2011-12,0
1495,디엠에스,68790,2011-12,0
1504,디오,39840,2011-12,-39.02439024
1513,디와이디,219550,2015-12,0
1518,디이엔티,79810,2011-12,0
1527,디지아이,43360,2011-12,0
1536,디지캡,197140,2018-12,0
1538,디지털대성,68930,2011-12,0
1547,디지틀조선일보,33130,2011-12,-4
1556,디케이앤디,263020,2018-12,0
1558,디케이티,290550,2018-12,0
1560,디티앤씨,187220,2014-12,0
1566,딜리,131180,2011-12,0
1575,라닉스,317120,2019-12,0
1576,라온테크,232680,2015-12,0
1581,라이온켐텍,171120,2013-12,0
1588,라이트론,69540,2011-12,4.87804878
1597,라파스,214260,2019-12,0
1598,락앤락,115390,2011-12,5.882352941
1607,랩지노믹스,84650,2014-12,0
1613,러셀,217500,2015-12,0
1618,레고켐바이오사이언스,141080,2013-12,0
1625,레드로버,60300,2011-12,0
1634,레드캡투어,38390,2011-12,-8.620689655
1643,레이,228670,2019-12,0
1644,레이언스,228850,2016-12,0
1648,레이크머티리얼즈,281740,2017-12,0
1651,로보로보,215100,2015-12,0
1656,로보스타,90360,2011-12,0
1665,로보티즈,108490,2018-12,0
1667,로지시스,67730,2015-12,0
1672,루멘스,38060,2011-12,2.380952381
1681,루트로닉,85370,2011-12,18.18181818
1690,룽투코리아,60240,2011-12,-20
1699,리노스,39980,2011-12,0
1708,리더스코스메틱,16100,2011-12,0
1717,리드,197210,2015-12,0
1722,리드코프,12700,2011-12,0
1731,리메드,302550,2019-12,0
1732,링네트,42500,2011-12,1.176470588
1741,링크제니시스,219420,2018-12,0
1743,마니커,27740,2011-12,1.098901099
1752,마니커에프앤지,195500,2019-12,0
1753,마이크로디지탈,305090,2019-12,0
1754,마이크로컨텍솔루션,98120,2011-12,0
1763,마이크로프랜드,147760,2016-12,0
1767,마크로젠,38290,2011-12,-5.660377358
1776,만도,204320,2014-12,0
1782,매직마이크로,127160,2015-12,0
1787,매커스,93520,2011-12,0
1796,머큐리,100590,2018-12,0
1798,멀티캠퍼스,67280,2011-12,0
1807,메드팩토,235980,2019-12,0
1808,메디아나,41920,2014-12,0
1814,메디콕스,54180,2011-06,0
1823,메디톡스,86900,2011-12,0
1832,메디프론디비티,65650,2011-12,0
1841,메지온,140410,2012-12,0
1849,메카로,241770,2017-12,0
1852,메타랩스,90370,2011-12,-2.777777778
1861,메타바이오메드,59210,2011-12,3.846153846
1870,멕아이씨에스,58110,2015-12,0
1875,멜파스,96640,2011-12,0
1884,모나리자,12690,2011-12,0
1893,모나미,5360,2011-12,-2.5
1902,모다이노칩,80420,2011-12,-13.33333333
1911,모두투어네트워크,80160,2011-12,0
1920,모바일리더,100030,2011-12,0
1929,모베이스,101330,2011-12,-1.162790698
1938,모베이스전자,12860,2011-12,-2.298850575
1947,모비스,250060,2016-12,0
1951,모아텍,33200,2011-12,6.593406593
1959,모토닉,9680,2011-12,2.352941176
1968,모헨즈,6920,2011-12,1.098901099
1977,무학,33920,2011-12,-3.636363636
1986,미래생명자원,218150,2015-12,0
1991,미래아이앤지,7120,2011-12,-2.941176471
2000,미래컴퍼니,49950,2011-12,-9.589041096
2009,미코,59090,2011-12,7.692307692
2018,미투온,201490,2016-12,0
2022,바른손,18700,2011-03,0
2031,바른손이앤에이,35620,2011-12,0
2040,바른전자,64520,2011-12,2.197802198
2049,바이넥스,53030,2011-12,0
2058,바이오니아,64550,2011-12,2
2067,바이오로그디바이스,208710,2014-12,0
2073,바이오솔루션,86820,2018-12,0
2075,바이오스마트,38460,2011-12,0
2084,바이오톡스텍,86040,2011-12,-13.33333333
2093,바텍,43150,2011-12,3.03030303
2102,방림,3610,2011-09,0
2111,배럴,267790,2018-12,0
2113,백금티앤에이,46310,2011-12,10.25641026
2122,백산,35150,2011-12,-3.614457831
2131,버킷스튜디오,66410,2011-12,0
2140,베노홀딩스,206400,2014-12,0
2146,베셀,177350,2015-12,0
2151,베스파,299910,2018-12,0
2153,벽산,7210,2011-12,0
2162,보광산업,225530,2015-12,0
2167,보라티알,250000,2017-12,0
2170,보락,2760,2011-12,0
2179,보령,3850,2011-12,0
2188,본느,226340,2015-12,0
2193,부-스타,8470,2011-12,0
2202,부방,14470,2011-12,-4.285714286
2211,뷰웍스,100120,2011-12,0
2220,브리지텍,64480,2011-12,0
2229,브이원텍,251630,2017-12,0
2232,브이티지엠피,18290,2011-12,0
2241,블루베리엔에프티,44480,2011-12,6.060606061
2250,블루콤,33560,2011-12,0
2259,비덴트,121800,2012-06,0
2267,비보존헬스케어,82800,2011-12,0
2276,비비안,2070,2011-12,0
2285,비상교육,100220,2011-12,-9.803921569
2294,비씨월드제약,200780,2014-12,0
2300,비아트론,141000,2012-12,0
2308,비에이치,90460,2011-12,-2.380952381
2317,비엔지티,32790,2011-12,0
2326,비엘,142760,2016-12,0
2330,비엘팜텍,65170,2011-12,-19.64285714
2339,비엠티,86670,2011-12,5.333333333
2348,비올,335890,2019-12,0
2349,비와이씨,1460,2011-12,-6.666666667
2358,비즈니스온커뮤니케이션,138580,2017-12,0
2361,비지에프,27410,2014-12,0
2367,비지에프리테일,282330,2017-12,0
2370,비츠로셀,82920,2011-03,0
2379,비츠로시스,54220,2011-03,0
2388,비츠로테크,42370,2011-03,0
2397,비케이홀딩스,50090,2011-12,2.197802198
2406,비투엔,307870,2018-12,0
2408,비트컴퓨터,32850,2011-12,-1.282051282
2417,비피도,238200,2018-12,0
2419,빅솔론,93190,2011-12,1.428571429
2428,빅텍,65450,2011-12,0
2437,빙그레,5180,2011-12,2.857142857
2446,사람인에이치알,143240,2012-12,0
2454,사조대림,3960,2011-12,3.703703704
2463,사조오양,6090,2011-12,0
2472,삼기,122350,2011-12,0
2481,삼보판지,23600,2011-12,1.149425287
2490,삼성출판사,68290,2011-12,0
2499,삼양사,145990,2011-12,0
2508,삼양옵틱스,225190,2017-12,0
2511,삼양패키징,272550,2017-12,0
2514,삼양홀딩스,70,2011-12,1.149425287
2523,삼에스코리아,60310,2011-03,0
2532,삼원강재,23000,2011-12,0
2541,삼익악기,2450,2011-12,0
2550,삼일,32280,2011-12,0
2559,삼일기업공사,2290,2011-12,0
2568,삼일씨엔에스,4440,2016-12,0
2572,삼진,32750,2011-12,9.782608696
2581,삼진엘앤디,54090,2011-12,2.352941176
2590,삼천리,4690,2011-12,1.086956522
2599,삼표시멘트,38500,2011-12,5.434782609
2608,삼화네트웍스,46390,2011-12,-13.33333333
2617,상보,27580,2011-12,0
2626,상상인,38540,2011-12,-1.315789474
2635,상상인인더스트리,101000,2011-12,8.571428571
2644,상아프론테크,89980,2011-12,0
2653,상지카일룸,42940,2011-12,0
2662,새로닉스,42600,2011-12,4.494382022
2671,서린바이오사이언스,38070,2011-12,0
2680,서부티엔디,6730,2011-12,8
2689,서산,79650,2011-12,-9.210526316
2698,서연,7860,2011-12,3.296703297
2707,서연이화,200880,2014-12,0
2713,서연탑메탈,19770,2011-12,0
2722,서울리거,43710,2011-12,4.395604396
2731,서울옥션,63170,2011-12,-9.230769231
2740,서울제약,18680,2011-12,0
2749,서원,21050,2011-12,3.092783505
2758,서원인텍,93920,2011-12,2.298850575
2767,서전기전,189860,2014-12,0
2773,서진시스템,178320,2017-12,0
2776,서진오토모티브,122690,2011-12,0
2785,서플러스글로벌,140070,2017-12,0
2788,서한,11370,2011-12,0
2797,서흥,8490,2011-12,2.666666667
2806,서희건설,35890,2011-12,0
2815,선광,3100,2011-12,0
2824,선앤엘,2820,2011-12,-2.197802198
2833,선익시스템,171090,2017-12,0
2836,선진,136490,2011-12,0
2845,성광벤드,14620,2011-12,2.53164557
2854,성도이엔지,37350,2011-12,3.529411765
2863,성안,11300,2011-12,0
2872,성우하이텍,15750,2011-12,2.325581395
2881,성창오토텍,80470,2011-12,1.219512195
2890,세경하이테크,148150,2019-12,0
2891,세동,53060,2011-12,4.210526316
2900,세림비앤지,340440,2019-12,0
2901,세보엠이씨,11560,2011-12,0
2910,세아베스틸지,1430,2011-12,0
2919,세아제강,306200,2018-12,0
2921,세아제강지,3030,2011-12,1.149425287
2930,세아특수강,19440,2011-12,0
2939,세아홀딩스,58650,2011-12,2.325581395
2948,세우글로벌,13000,2011-12,3.448275862
2957,세운메디칼,100700,2011-12,5.797101449
2966,세원물산,24830,2011-12,0
2975,세원정공,21820,2011-06,-3.75
2984,세이브존아이앤씨,67830,2011-12,-4.87804878
2993,세종메디칼,258830,2018-12,0
2995,세중,39310,2011-12,-1.298701299
3004,세진중공업,75580,2015-12,0
3009,세진티에스,67770,2011-12,4.347826087
3018,세코닉스,53450,2011-12,8
3027,세토피아,222810,2015-12,0
3032,세화피앤씨,252500,2016-12,0
3036,센트랄모텍,308170,2019-12,0
3037,센트럴인사이트,12600,2011-12,-4.347826087
3046,셀루메드,49180,2011-12,32.0754717
3055,셀리드,299660,2017-12,0
3057,셀리버리,268600,2018-12,0
3059,셀바스에이아이,108860,2011-12,-10.52631579
3068,셀바스헬스케어,208370,2014-12,0
3074,셀트리온,68270,2018-12,0
3076,셀트리온제약,68760,2011-12,0
3085,셀트리온헬스케어,91990,2017-12,0
3088,셀피글로벌,68940,2011-12,0
3097,소프트센,32680,2011-09,0
3106,손오공,66910,2011-12,-20.54794521
3115,솔고바이오메디칼,43100,2011-12,14.49275362
3124,솔루에타,154040,2013-12,0
3131,솔본,35610,2011-12,7.01754386
3140,쇼박스,86980,2011-12,17.5257732
3149,수산아이앤티,50960,2016-12,0
3153,수산중공업,17550,2011-12,-1.492537313
3162,수젠텍,253840,2019-12,0
3163,슈프리마,236200,2016-12,0
3167,슈프리마아이디,317770,2019-12,0
3168,슈프리마에이치큐,94840,2011-12,5.660377358
3177,슈피겐코리아,192440,2014-12,0
3183,스마트솔루션즈,136510,2011-12,0
3192,스맥,99440,2011-12,0
3201,스카이문스테크놀로지,33790,2011-12,0
3210,스킨앤스킨,159910,2012-12,0
3218,스타플렉스,115570,2011-12,19.58762887
3227,스튜디오산타클로스엔터테인먼트,204630,2014-12,0
3233,스페코,13810,2011-12,4.761904762
3242,승일,49830,2011-12,0
3251,시공테크,20710,2011-12,-1.162790698
3260,시너지이노베이션,48870,2011-12,-24.67532468
3269,시노펙스,25320,2011-12,-3.296703297
3278,시디즈,134790,2011-12,0
3287,시스웍,269620,2017-12,0
3290,시큐브,131090,2011-12,0
3299,시티랩스,139050,2011-12,0
3308,신도리코,29530,2011-12,2.53164557
3317,신성이엔지,11930,2011-12,0
3326,신세계,4170,2011-12,5.714285714
3335,신세계아이앤씨,35510,2011-12,0
3344,신세계인터내셔날,31430,2011-12,0
3353,신세계푸드,31440,2011-12,0
3362,신영와코루,5800,2011-09,2.43902439
3371,신원,9270,2011-12,4.545454545
3380,신진에스엠,138070,2011-12,0
3389,신테카바이오,226330,2019-12,0
3390,신화다이나믹스,1770,2011-12,0
3399,신화콘텍,187270,2014-12,0
3405,신흥,4080,2011-12,2.5
3414,심텍,222800,2015-12,0
3419,심텍홀딩스,36710,2011-12,6.024096386
3428,싸이맥스,160980,2015-12,0
3433,싸이토젠,217330,2018-12,0
3435,쌍방울,102280,2011-12,-1.388888889
3444,썸에이지,208640,2014-12,0
3450,쎄노텍,222420,2015-12,0
3455,쎄니트,37760,2011-12,1.162790698
3464,쎄트렉아이,99320,2011-12,0
3473,쎌마테라퓨틱스,15540,2011-12,-1.01010101
3482,쎌바이오텍,49960,2011-12,0
3491,쏠리드,50890,2011-12,9.210526316
3500,씨씨에스충북방송,66790,2011-12,0
3509,씨아이테크,4920,2011-12,0
3518,씨에스,65770,2011-12,-3.03030303
3527,씨에스에이코스믹,83660,2011-12,1.219512195
3536,씨엔플러스,115530,2011-12,0
3545,씨유메디칼시스템,115480,2011-12,0
3554,씨제이이엔엠,35760,2011-12,0
3563,씨젠,96530,2011-12,0
3572,씨티씨바이오,60590,2011-12,4.166666667
3581,씨티케이,260930,2017-12,0
3584,아가방앤컴퍼니,13990,2011-12,0
3593,아나패스,123860,2011-12,0
3602,아난티,25980,2011-12,0
3611,아리온테크놀로지,58220,2011-12,0
3620,아모그린텍,125210,2015-12,0
3624,아모레퍼시픽,90430,2011-12,-3.333333333
3633,아모레퍼시픽그룹,2790,2011-12,-3.225806452
3642,아모텍,52710,2011-12,8
3651,아미노로직스,74430,2011-12,13.88888889
3660,아바코,83930,2011-12,3.296703297
3669,아바텍,149950,2012-12,0
3677,아세아텍,50860,2011-06,0
3686,아센디오,12170,2011-12,0
3695,아스타,246720,2017-12,0
3698,아스트,67390,2014-12,0
3704,아시아경제,127710,2015-12,0
3709,아우딘퓨쳐스,227610,2017-12,0
3712,아이디스,143160,2011-12,0
3721,아이디스홀딩스,54800,2011-12,-14.81481481
3730,아이마켓코리아,122900,2011-12,0
3739,아이비김영,339950,2019-12,0
3740,아이센스,99190,2013-12,0
3747,아이스크림에듀,289010,2019-12,0
3748,아이씨디,40910,2011-09,0
3757,아이앤씨테크놀로지,52860,2011-12,0
3766,아이에스시,95340,2011-12,-4.761904762
3775,아이에스이커머스,69920,2011-12,4.545454545
3784,아이에이,38880,2011-12,26.43678161
3793,아이에이치큐,3560,2011-12,-6.666666667
3802,아이엘사이언스,307180,2018-12,0
3804,아이엠,101390,2011-12,2.197802198
3813,아이엠비씨,52220,2011-12,0
3822,아이오케이컴퍼니,78860,2011-12,0
3831,아이윈,90150,2011-12,-1.219512195
3840,아이윈플러스,123010,2016-12,0
3844,아이즈비전,31310,2011-12,1.098901099
3853,아이컴포넌트,59100,2011-12,0
3862,아이톡시,52770,2011-12,0
3871,아이티센,124500,2015-03,0
3876,아이티엑스에이아이,99520,2011-12,0
3885,아이티엠반도체,84850,2019-12,0
3886,아즈텍더블유비이,32080,2011-12,0
3895,아진엑스텍,59120,2014-12,0
3901,아톤,158430,2019-12,0
3902,아프리카티비,67160,2011-12,0
3911,안랩,53800,2011-12,27.5862069
3920,안트로젠,65660,2016-12,0
3924,알로이스,297570,2018-12,0
3926,알루코,1780,2011-12,5.681818182
3935,알에프세미,96610,2011-12,-1.5625
3944,알에프텍,61040,2011-12,1.136363636
3953,알엔투테크놀로지,148250,2016-12,0
3957,알테오젠,196170,2014-12,0
3963,알톤스포츠,123750,2011-12,0
3972,알티캐스트,85810,2013-12,0
3979,알파홀딩스,117670,2011-12,0
3988,애니플러스,310200,2018-12,0
3990,애드바이오텍,179530,2019-12,0
3991,액션스퀘어,205500,2014-12,0
3997,액토즈소프트,52790,2011-12,1.515151515
4006,액트로,290740,2018-12,0
4008,앤디포스,238090,2016-12,0
4012,앤씨앤,92600,2011-12,0
4021,야스,255440,2017-12,0
4024,양지사,30960,2011-06,0
4033,어스앤에어로스페이스,263540,2017-12,0
4036,얼라인드제네틱스,238120,2016-12,0
4040,에너토크,19990,2011-12,0
4049,에넥스,11090,2011-12,-3.703703704
4058,에스디생명공학,217480,2017-12,0
4061,에스디시스템,121890,2011-12,0
4070,에스비에스,34120,2011-12,-18.18181818
4079,에스비에스콘텐츠허브,46140,2011-12,4.938271605
4088,에스씨디,42110,2011-12,0
4097,에스아이리소스,65420,2011-12,-15.25423729
4106,에스앤더블류,103230,2011-12,0
4115,에스앤에스텍,101490,2011-12,2.777777778
4124,에스에너지,95910,2011-12,3.260869565
4133,에스에스알,275630,2018-12,0
4135,에스에이엠티,31330,2011-12,1.041666667
4144,에스에이티,60540,2011-12,-3.947368421
4153,에스에프에이,56190,2011-12,-5
4162,에스에프에이반도체,36540,2011-12,1.111111111
4171,에스엘바이오닉스,214310,2015-12,0
4176,에스엠라이프디자인그룹,63440,2011-12,0
4185,에스엠벡셀,10580,2011-12,0
4194,에스엠엔터테인먼트,41510,2011-12,10
4203,에스엠컬처앤콘텐츠,48550,2011-12,#NAME?
4212,에스엠코어,7820,2011-12,0
4221,에스원,12750,2011-12,1.639344262
4230,에스제이그룹,306040,2019-12,0
4231,에스제이엠,123700,2011-12,-1.369863014
4240,에스제이엠홀딩스,25530,2011-12,-1.388888889
4249,에스지글로벌,1380,2011-12,5.555555556
4258,에스지세계물산,4060,2011-12,0
4267,에스지엔지,40610,2011-12,-2.469135802
4276,에스코넥,96630,2011-12,2.469135802
4285,에스텍파마,41910,2011-12,0
4294,에스티아이,39440,2011-12,2.325581395
4303,에스티오,98660,2011-12,-6.060606061
4312,에스티큐브,52020,2011-12,10.52631579
4321,에스폴리텍,50760,2011-12,2.298850575
4330,에스피시스템스,317830,2019-12,0
4331,에스피씨삼립,5610,2011-12,5.479452055
4340,에스피지,58610,2011-12,3.75
4349,에쎈테크,43340,2011-12,0
4358,에이디칩스,54630,2011-12,-1.234567901
4367,에이디테크놀로지,200710,2014-12,0
4373,에이루트,96690,2011-12,0
4382,에이블씨엔씨,78520,2011-12,0
4391,에이비프로바이오,195990,2015-12,0
4396,에이스침대,3800,2011-12,0
4405,에이스테크놀로지,88800,2011-12,5.434782609
4414,에이스토리,241840,2019-12,0
4415,에이엔피,15260,2011-12,2.197802198
4424,에이치비테크놀러지,78150,2011-12,0
4433,에이치시티,72990,2016-12,0
4437,에이치알에스,36640,2011-12,-1.298701299
4446,에이치앤비디자인,227100,2018-12,0
4448,에이치엘사이언스,239610,2016-12,0
4452,에이치케이,44780,2011-12,-6.329113924
4461,에이텍,45660,2011-12,-5
4470,에이텍티앤,224110,2015-12,0
4475,에이트원,230980,2016-12,0
4479,에이티세미콘,89530,2011-12,0
4488,에이팩트,200470,2014-12,0
4494,에이프로젠,7460,2011-12,9.375
4503,에이프로젠헬스케어앤게임즈,109960,2011-12,0
4512,에치에프알,230240,2015-12,0
4517,에코마케팅,230360,2016-12,0
4521,에코프로,86520,2011-12,0
4530,에코프로비엠,247540,2016-12,0
4533,에프알텍,73540,2011-12,0
4542,에프앤리퍼블릭,64090,2011-12,5.747126437
4551,에프앤에프홀딩스,7700,2011-12,5.128205128
4560,에프에스엔,214270,2015-12,0
4565,에프에스티,36810,2011-12,0
4574,에프엔씨엔터테인먼트,173940,2014-12,0
4580,엑사이엔씨,54940,2011-12,2.298850575
4589,엑세스바이오인코퍼레이션,950130,2013-12,0
4596,엑셈,205100,2014-12,0
4602,엑시콘,92870,2015-12,0
4607,엔바이오니아,317870,2019-12,0
4608,엔씨소프트,36570,2011-12,17.39130435
4617,엔아이스틸,8260,2011-12,0
4626,엔에스,217820,2015-12,0
4631,엔에스엔,31860,2011-12,4.395604396
4640,엔에이치엔벅스,104200,2011-12,-8.474576271
4649,엔이능률,53290,2011-12,-6.52173913
4658,엔지스테크널러지,208860,2016-12,0
4662,엔지켐생명과학,183490,2018-12,0
4664,엔케이,85310,2011-12,-2.409638554
4673,엔케이맥스,182400,2015-12,0
4678,엔텔스,69410,2011-12,0
4687,엔투텍,227950,2015-12,0
4691,엔피,291230,2018-12,0
4693,엔피케이,48830,2011-12,2.173913043
4702,엘디티,96870,2011-12,0
4711,엘아이에스,138690,2011-12,0
4720,엘앤씨바이오,290650,2018-12,0
4722,엘앤에프,66970,2011-12,1.063829787
4731,엘앤케이바이오메드,156100,2016-12,0
4735,엘에스,6260,2011-12,2.222222222
4744,엘에스네트웍스,680,2011-12,2
4753,엘에프,93050,2011-12,5.263157895
4762,엘엑스세미콘,108320,2011-12,5.194805195
4771,엘엑스인터내셔널,1120,2011-12,1.041666667
4780,엘엑스하우시스,108670,2011-12,0
4789,엘엠에스,73110,2011-12,0
4798,엘오티베큠,83310,2011-12,2.777777778
4807,엘지,3550,2011-12,7.317073171
4816,엘지생활건강,51900,2011-12,6
4825,엘지유플러스,32640,2011-12,0
4834,엘지헬로비전,37560,2012-12,0
4842,엘지화학,51910,2011-12,3.658536585
4851,엠게임,58630,2011-12,0
4860,엠디에스테크,86960,2011-12,0
4869,엠씨넥스,97520,2012-12,0
4877,엠아이텍,179290,2018-12,0
4879,엠에스씨,9780,2011-12,-1.219512195
4888,엠에스오토텍,123040,2011-12,15.85365854
4897,엠투엔,33310,2011-12,0
4906,엠플러스,259630,2017-12,0
4909,엠피대산,65150,2011-12,-6.349206349
4918,연우,115960,2015-12,0
4923,연이비앤티,90740,2011-12,0
4932,영우디에스피,143540,2014-12,0
4938,영원무역,111770,2011-12,-5.633802817
4947,영원무역홀딩스,9970,2011-12,-3.389830508
4956,영풍,670,2011-12,0
4965,영흥,12160,2011-12,0
4974,예림당,36000,2011-12,5.405405405
4983,예선테크,250930,2016-12,0
4987,예스코홀딩스,15360,2011-12,2.197802198
4996,예스티,122640,2015-12,0
5001,오공,45060,2011-12,2.469135802
5010,오디텍,80520,2011-12,20.68965517
5019,오뚜기,7310,2011-12,1.282051282
5028,오르비텍,46120,2011-12,0
5037,오리엔탈정공,14940,2011-12,22.60869565
5046,오리엔트바이오,2630,2011-03,1.333333333
5055,오리엔트정공,65500,2011-12,0
5064,오리온,271560,2017-12,0
5067,오리온홀딩스,1800,2011-12,1.785714286
5076,오리콤,10470,2011-12,1.851851852
5085,오스코텍,39200,2011-12,4.761904762
5094,오스테오닉,226400,2018-12,0
5096,오스템,31510,2011-12,-1.219512195
5105,오이솔루션,138080,2014-12,0
5111,오킨스전자,80580,2014-12,0
5117,오텍,67170,2011-12,1.149425287
5126,오파스넷,173130,2018-12,0
5128,오픈베이스,49480,2011-12,6.493506494
5137,오하임아이엔티,309930,2018-12,0
5139,옵투스제약,131030,2011-12,0
5148,옵트론텍,82210,2011-12,0
5157,옵티팜,153710,2018-12,0
5159,와이비엠넷,57030,2011-12,3.703703704
5168,와이솔,122990,2011-12,14.66666667
5177,와이어블,65530,2011-12,0
5186,와이엔텍,67900,2011-12,0
5195,와이오엠,66430,2011-06,0
5204,와이제이엠게임즈,193250,2014-12,0
5210,와이즈버즈,273060,2017-12,0
5213,와이지-원,19210,2011-12,-4.615384615
5222,와이지엔터테인먼트,122870,2011-12,0
5231,와이지플러스,37270,2011-12,-14.28571429
5240,와이투솔루션,11690,2011-12,4.255319149
5249,와이티엔,40300,2011-12,0
5258,용평리조트,70960,2016-12,0
5262,우리기술,32820,2011-12,20.33898305
5271,우리넷,115440,2011-12,0
5280,우리로,46970,2012-12,0
5288,우성,6980,2011-12,1.176470588
5297,우신시스템,17370,2011-12,2.380952381
5306,우양,103840,2019-12,0
5307,우정바이오,215380,2015-12,0
5312,우일렉트로닉스,65680,2011-12,10.66666667
5321,우진,105840,2011-12,1.428571429
5330,우진아이엔에스,10400,2018-12,0
5332,우진플라임,49800,2011-12,-1.315789474
5341,웅진,16880,2011-12,0
5350,웅진씽크빅,95720,2011-12,7.142857143
5359,원림,5820,2011-12,0
5368,원바이오젠,307280,2018-12,0
5370,원익,32940,2011-12,2.631578947
5379,원익머트리얼즈,104830,2011-12,0
5388,원익아이피에스,240810,2016-12,0
5392,원익큐브,14190,2011-12,0
5401,원익큐엔씨,74600,2011-12,-8.333333333
5410,원익피앤이,131390,2011-12,0
5419,원익홀딩스,30530,2011-12,2.857142857
5428,원일특강,12620,2011-12,1.098901099
5437,원풍,8370,2011-12,0
5446,월덱스,101160,2011-12,5.555555556
5455,웨이버스,336060,2019-12,0
5456,웨이브일렉트로닉스,95270,2011-12,10.95890411
5465,웰크론,65950,2011-12,-1.428571429
5474,웰크론한텍,76080,2011-12,-8
5483,웹스,196700,2015-12,0
5488,웹젠,69080,2011-12,0
5497,위니아,71460,2016-12,0
5501,위닉스,44340,2011-12,3.260869565
5510,위메이드,112040,2011-12,0
5519,위메이드맥스,101730,2011-12,0
5528,위메이드플레이,123420,2011-12,0
5537,위스컴,24070,2011-12,0
5546,위지윅스튜디오,299900,2018-12,0
5548,위지트,36090,2011-12,0
5557,윈스,136540,2011-12,0
5566,윈팩,97800,2013-12,0
5573,윈하이텍,192390,2014-12,0
5579,윌링스,313760,2019-12,0
5580,윌비스,8600,2011-12,-2.469135802
5589,유니드,14830,2011-12,6.25
5598,유니온,910,2011-12,3.614457831
5607,유니온커뮤니티,203450,2016-12,0
5611,유니켐,11330,2011-12,0
5619,유니크,11320,2011-12,3.488372093
5628,유니테스트,86390,2011-12,22.58064516
5637,유니테크노,241690,2016-12,0
5641,유니트론텍,142210,2016-12,0
5645,유라테크,48430,2011-12,0
5654,유바이오로직스,206650,2017-12,0
5657,유비케어,32620,2011-12,-25.64102564
5666,유비쿼스,264450,2017-12,0
5669,유비쿼스홀딩스,78070,2011-12,7.142857143
5678,유성티엔에스,24800,2011-12,2.127659574
5687,유수홀딩스,700,2011-12,0
5696,유신,54930,2011-12,0
5705,유씨아이,38340,2011-12,-1.333333333
5714,유아이디,69330,2011-12,0
5723,유에스티,263770,2017-12,0
5726,유유제약,220,2011-03,0
5735,유진로봇,56080,2011-12,0
5744,유진테크,84370,2011-12,-9.677419355
5753,유테크,178780,2015-12,0
5758,유티아이,179900,2017-12,0
5761,유틸렉스,263050,2018-12,0
5763,유한양행,100,2011-12,7.936507937
5772,육일씨엔에쓰,191410,2015-12,0
5777,율호,72770,2011-12,6.52173913
5786,이건홀딩스,39020,2011-12,1.149425287
5795,이글루코퍼레이션,67920,2011-12,0
5804,이글벳,44960,2011-12,0
5813,이노메트리,302430,2018-12,0
5815,이노션,214320,2015-12,0
5820,이노와이어리스,73490,2011-12,-10.71428571
5829,이노인스트루먼트,215790,2015-12,0
5834,이노테라피,246960,2019-12,0
5835,이녹스,88390,2011-12,-2.666666667
5844,이녹스첨단소재,272290,2017-12,0
5847,이라이콤,41520,2011-12,-2.197802198
5856,이랜시스,264850,2017-12,0
5859,이랜텍,54210,2011-12,-1.075268817
5868,이루온,65440,2011-12,-1.666666667
5877,이마트,139480,2011-12,0
5886,이미지스테크놀로지,115610,2011-12,0
5895,이브이수성,84180,2011-12,0
5904,이브이첨단소재,131400,2011-12,-6.329113924
5913,이상네트웍스,80010,2011-12,13.75
5922,이수앱지스,86890,2011-12,0
5931,이수페타시스,7660,2011-12,10
5940,이수화학,5950,2011-12,2.150537634
5949,이스타코,15020,2011-12,0
5958,이스트소프트,47560,2011-12,5.769230769
5967,이씨에스텔레콤,67010,2011-03,0
5976,이아이디,93230,2011-12,19.84126984
5985,이엔에프테크놀로지,102710,2011-12,2.597402597
5994,이엔코퍼레이션,66980,2011-12,5.319148936
6003,이엔플러스,74610,2011-12,-5.154639175
6012,이엘피,63760,2017-12,0
6015,이엠넷,123570,2011-12,0
6024,이엠앤아이,83470,2011-12,-8.045977011
6033,이엠텍,91120,2011-12,4.494382022
6042,이오테크닉스,39030,2011-12,8.450704225
6051,이원,17940,2011-12,-1.086956522
6060,이월드,84680,2011-12,3.448275862
6069,이즈미디어,181340,2017-12,0
6072,이지,37370,2011-12,6.818181818
6081,이지홀딩스,35810,2011-12,0
6090,이큐셀,160600,2015-12,0
6095,이크레더블,92130,2011-09,0
6104,이퓨쳐,134060,2011-12,0
6113,인디에프,14990,2011-12,6.153846154
6122,인바디,41830,2011-12,9.677419355
6131,인바이오젠,101140,2011-12,0
6140,인산가,277410,2017-12,0
6143,인성정보,33230,2011-12,0
6152,인스코비,6490,2011-12,0
6161,인지디스플레이,37330,2011-12,-1.162790698
6170,인콘,83640,2011-12,2.816901408
6179,인터로조,119610,2011-12,0
6188,인터엠,17250,2011-09,0
6197,인터플렉스,51370,2011-12,0
6206,인텍플러스,64290,2011-12,0
6215,인텔리안테크놀로지스,189300,2016-12,0
6219,인트로메딕,150840,2013-12,0
6226,인트론바이오테크놀로지,48530,2011-12,0
6235,인팩,23810,2011-12,0
6244,인포마크,175140,2015-12,0
6249,인포바인,115310,2011-12,0
6258,인피니트헬스케어,71200,2011-12,6.779661017
6267,일승,333430,2019-12,0
6268,일신바이오베이스,68330,2011-12,0
6277,일신석재,7110,2011-12,0
6286,일야,58450,2011-12,0
6295,일지테크,19540,2011-12,3.614457831
6304,일진파워,94820,2011-12,0
6313,잇츠한불,226320,2015-12,0
6318,잉크테크,49550,2011-12,12.5
6327,자비스,254120,2016-12,0
6331,자연과환경,43910,2011-12,27.83505155
6340,장원테크,174880,2016-12,0
6344,정다운,208140,2014-12,0
6350,정상제이엘에스,40420,2011-12,4.166666667
6359,정원엔시스,45510,2011-12,0
6368,제넥신,95700,2011-12,-72.72727273
6377,제넨바이오,72520,2011-12,-10
6386,제노레이,122310,2018-12,0
6388,제노포커스,187420,2015-12,0
6393,제닉,123330,2011-12,0
6402,제로투세븐,159580,2013-12,0
6409,제우스,79370,2011-12,2.5
6418,제이브이엠,54950,2011-12,0
6427,제이스텍,90470,2011-12,0
6436,제이시스메디칼,287410,2018-12,0
6438,제이에스코퍼레이션,194370,2016-12,0
6442,제이에스티나,26040,2011-12,2.380952381
6451,제이엘케이,322510,2019-12,0
6452,제이와이피엔터테인먼트,35900,2011-06,0
6461,제이웨이,58420,2011-12,0
6470,제이티,89790,2011-12,0
6479,제이티씨,950170,2019-02,0
6480,제일기획,30000,2011-12,2.702702703
6489,제일바이오,52670,2011-12,0
6498,제일테크노스,38010,2011-12,-1.136363636
6507,제반도체,80220,2011-12,25.37313433
6516,제항공,89590,2015-12,0
6521,제테마,216080,2019-12,0
6522,젬백스&카엘,82270,2011-12,2.857142857
6531,젬백스링크,64800,2011-12,4
6540,조비,1550,2011-12,0
6549,조이시티,67000,2011-12,0
6558,조흥,2600,2011-12,0
6567,종근당,185750,2013-12,0
6574,종근당바이오,63160,2011-12,0
6583,종근당홀딩스,1630,2011-12,-2.173913043
6592,좋은사람들,33340,2011-12,5.357142857
6601,연테크,44380,2011-12,0
6610,중앙디앤엠,51980,2011-12,-2.5
6619,중앙백신연구소,72020,2011-12,0
6628,중앙에너비스,440,2011-09,0
6637,지노믹트리,228760,2019-12,0
6638,지누스,13890,2019-12,0
6639,지니뮤직,43610,2011-12,0
6648,지니틱스,303030,2018-12,0
6650,지란지교시큐리티,208350,2014-12,0
6656,지씨셀,144510,2016-12,0
6660,지어소프트,51160,2011-12,4.705882353
6669,지에스,78930,2011-12,1.265822785
6678,지에스글로벌,1250,2011-12,1.030927835
6687,지에스리테일,7070,2011-12,0
6696,지에스이,53050,2011-12,0
6705,지엔씨에너지,119850,2013-12,0
6712,지엔코,65060,2011-12,6.060606061
6721,지투알,35000,2011-12,0
6730,지티지웰니스,219750,2018-12,0
6732,진도,88790,2011-12,0
6741,진로발효,18120,2011-12,0
6750,진매트릭스,109820,2011-12,96.42857143
6759,진바이오텍,86060,2011-12,6.097560976
6768,진성티이씨,36890,2011-12,-1.204819277
6777,진양홀딩스,100250,2011-12,0
6786,진에어,272450,2017-12,0
6789,차바이오텍,85660,2011-12,-2.197802198
6798,창해에탄올,4650,2014-12,0
6804,천보,278280,2019-12,0
6805,천일고속,650,2011-12,0
6814,체리부로,66360,2017-12,0
6817,체시스,33250,2011-06,0
6826,초록뱀미디어,47820,2011-12,-23.07692308
6835,초록뱀이앤엠,131100,2011-12,0
6843,초록뱀컴퍼니,52300,2011-12,-4.87804878
6852,초록뱀헬스케어,118000,2011-12,0
6861,칩스앤미디어,94360,2013-12,0
6868,카나리아바이오,16790,2018-12,0
6870,카스,16920,2011-12,2.857142857
6879,카이노스메드,284620,2018-12,0
6881,카카오,35720,2017-12,0
6884,카프로,6380,2011-12,0
6893,캐리소프트,317530,2019-12,0
6894,캐스텍코리아,71850,2014-12,0
6900,캠시스,50110,2011-12,4.347826087
6909,컴투스,78340,2011-12,0
6918,컴투스홀딩스,63080,2011-12,31.81818182
6927,케스피온,79190,2011-12,17.56756757
6936,케어랩스,263700,2018-12,0
6938,케어젠,214370,2015-12,0
6943,케이비지,318000,2019-12,0
6944,케이사인,192250,2014-12,0
6950,케이씨,29460,2011-12,3.571428571
6959,케이씨씨,2380,2011-12,3.703703704
6968,케이씨씨건설,21320,2011-12,1.098901099
6977,케이씨아이,36670,2011-12,0
6986,케이씨에스,115500,2011-12,0
6995,케이씨텍,281820,2017-12,0
6998,케이씨티,89150,2011-12,0
7007,케이씨티시,9070,2011-12,-2.380952381
7016,케이씨피드,25880,2011-12,-1.162790698
7025,케이아이엔엑스,93320,2011-12,0
7034,케이에스에스해운,44450,2011-12,5.194805195
7043,케이에스피,73010,2011-12,0
7052,케이에이치바텍,60720,2011-12,1.136363636
7061,케이에이치필룩스,33180,2011-12,1.333333333
7070,케이엑스이노베이션,122450,2011-12,0
7079,케이엑스하이텍,52900,2011-12,8.888888889
7088,케이엔더블유,105330,2011-12,2.409638554
7097,케이엔엔,58400,2011-12,-1.694915254
7106,케이엔제이,272110,2019-12,0
7107,케이엘넷,39420,2011-12,0
7116,케이엠,83550,2011-12,2.409638554
7125,케이엠더블유,32500,2011-12,13.15789474
7134,케이이씨,92220,2011-12,4.210526316
7143,케이지모빌리언스,46440,2011-12,-5.084745763
7152,케이지이니시스,35600,2011-12,-3.896103896
7161,케이티,30200,2011-12,0
7170,케이티서브마린,60370,2011-12,0
7179,케이티스카이라이프,53210,2011-12,0
7188,케이티씨에스,58850,2011-12,0
7197,케이티아이에스,58860,2011-12,0
7206,케이티알파,36030,2011-12,2.105263158
7215,케이티앤지,33780,2011-12,2.325581395
7224,케이프,64820,2011-12,0
7233,케이피에스,256940,2017-12,0
7236,케이피에프,24880,2011-12,1.149425287
7245,케이피엠테크,42040,2011-12,6.315789474
7254,케이피티유,54410,2011-12,-7.317073171
7263,케일럼,258610,2017-12,0
7266,켐온,217600,2015-12,0
7271,켐트로닉스,89010,2011-12,0
7280,켐트로스,220260,2015-12,0
7285,코다코,46070,2011-12,0
7294,코데즈컴바인,47770,2011-12,6.976744186
7303,코디,80530,2011-12,0
7312,코디엠,224060,2015-12,0
7317,코렌텍,104540,2013-12,0
7324,코리아나화장품,27050,2011-12,4.761904762
7333,코리아센터,290510,2019-12,0
7334,코리아써키트,7810,2011-12,2.083333333
7343,코리아에스이,101670,2011-12,0
7352,코맥스,36690,2011-12,-4
7361,코메론,49430,2011-12,3.03030303
7370,코미코,183300,2017-12,0
7373,코미팜,41960,2011-12,0
7382,코세스,89890,2011-12,0
7391,코센,9730,2011-12,0
7400,코스나인,82660,2011-12,17.59259259
7409,코스메카코리아,241710,2016-12,0
7413,코스온,69110,2011-12,0
7422,코썬바이오,204990,2016-12,0
7426,코아스,71950,2011-12,0
7435,코아시아,45970,2011-12,0
7444,코아시아옵틱스,196450,2014-12,0
7450,코엔텍,29960,2011-12,-5.633802817
7459,코오롱,2020,2011-12,17.80821918
7468,코원플레이,56000,2011-12,12.08791209
7477,코윈테크,282880,2019-12,0
7478,코이즈,121850,2012-12,0
7486,코콤,15710,2011-12,-5.479452055
7495,코텍,52330,2011-12,0
7504,코퍼스코리아,322780,2019-12,0
7505,코프라,126600,2011-12,0
7514,콘텐트리중앙,36420,2019-12,0
7515,콤텍시스템,31820,2011-12,3.260869565
7524,큐로,15590,2011-12,16.82242991
7533,큐로컴,40350,2011-12,23.52941176
7542,큐로홀딩스,51780,2011-12,-4.054054054
7551,큐리언트,115180,2016-12,0
7555,큐브엔터테인먼트,182360,2013-12,0
7562,큐에스아이,66310,2011-12,0
7571,크라운제과,264900,2017-12,0
7574,크라운해태홀딩스,5740,2011-12,4.838709677
7583,크레버스,96240,2011-12,0
7592,크리스에프앤씨,110790,2018-12,0
7594,크린앤사이언스,45520,2011-12,-1.234567901
7603,클라우드에어,36170,2011-12,0
7612,클래시스,214150,2015-12,0
7617,클리오,237880,2016-12,0
7621,키다리스튜디오,20120,2011-12,0
7630,키이스트,54780,2011-12,0
7639,타이거일렉,219130,2015-12,0
7644,탑엔지니어링,65130,2011-12,2.666666667
7653,탑코미디어,134580,2013-12,0
7660,태경비케이,14580,2011-12,0
7669,태광,23160,2011-12,0
7678,태성,323280,2019-12,0
7679,태양,53620,2011-12,3.409090909
7688,태영건설,9410,2011-12,3.409090909
7697,태웅,44490,2011-12,0
7706,태웅로직스,124560,2019-12,0
7707,테라젠이텍스,66700,2011-12,11.53846154
7716,테스,95610,2011-12,0
7725,테이팩스,55490,2017-12,0
7728,테크윙,89030,2011-12,0
7737,텔레칩스,54450,2011-12,0
7746,텔레필드,91440,2011-12,0
7755,텔콘알에프제약,200230,2014-12,0
7761,토니모리,214420,2015-12,0
7766,토박스코리아,215480,2015-12,0
7771,토비스,51360,2011-12,-1.149425287
7780,토탈소프트뱅크,45340,2011-12,0
7789,톱텍,108230,2011-12,0
7798,투비소프트,79970,2011-12,0
7807,트루윈,105550,2014-12,0
7813,특수건설,26150,2011-12,0
7822,티라유텍,322180,2019-12,0
7823,티로보틱스,117730,2018-12,0
7825,티비씨,33830,2011-12,3.125
7834,티비에이치글로벌,84870,2011-12,-2.43902439
7843,티사이언티픽,57680,2011-12,0
7852,티씨케이,64760,2011-12,0
7861,티앤알바이오팹,246710,2018-12,0
7863,티에스넥스젠,43220,2011-12,0
7872,티에스이,131290,2011-12,0
7881,티에스트릴리온,317240,2019-12,0
7882,티에이치엔,19180,2011-12,-1.123595506
7891,티엘아이,62860,2011-12,16.4556962
7900,티움바이오,321550,2019-12,0
7901,티웨이항공,91810,2018-12,0
7903,티웨이홀딩스,4870,2011-12,0
7912,티케이케미칼,104480,2011-12,0
7921,티플랙스,81150,2011-12,0
7930,티피씨,130740,2011-12,0
7939,티피씨메카트로닉스,48770,2011-06,0
7948,파나진,46210,2011-12,-3.191489362
7957,파라다이스,34230,2011-12,-4.054054054
7966,파라텍,33540,2011-12,-1.111111111
7975,파루,43200,2011-12,3.571428571
7984,파마리서치,214450,2015-12,0
7989,파멥신,208340,2018-12,0
7991,파버나인,177830,2014-12,0
7997,파세코,37070,2011-12,0
8006,파수,150900,2013-12,0
8013,파워넷,37030,2018-12,0
8015,파워로직스,47310,2011-12,6.060606061
8024,파이오링크,170790,2013-12,0
8031,파인디앤씨,49120,2011-12,6.12244898
8040,파인디지털,38950,2011-12,6.25
8049,파인테크닉스,106240,2011-12,-2.43902439
8058,파인텍,131760,2015-12,0
8063,파커스,65690,2011-12,6.976744186
8072,파크시스템스,140860,2015-12,0
8077,파트론,91700,2011-12,7.228915663
8086,판타지오,32800,2011-12,0
8095,팜스빌,318010,2019-12,0
8096,팜스코,36580,2011-12,-3.571428571
8105,팜스토리,27710,2011-12,1.098901099
8114,팬스타엔터프라이즈,54300,2011-12,7.446808511
8123,팬엔터테인먼트,68050,2011-12,5.494505495
8132,팬젠,222110,2016-12,0
8136,퍼시스,16800,2011-12,5.882352941
8145,펄어비스,263750,2018-12,0
8147,펩트론,87010,2015-12,0
8152,포메탈,119500,2011-12,0
8161,포스코아이씨티,22100,2011-12,0
8170,포스코엠텍,9520,2011-12,0
8179,포스코인터내셔널,47050,2011-12,1.052631579
8188,포스코케미칼,3670,2019-12,0
8189,포시에스,189690,2015-06,0
8194,포인트엔지니어링,256630,2017-12,0
8197,포커스에이치엔에스,331380,2019-12,0
8198,폴라리스세원,234100,2017-12,0
8201,폴라리스오피스,41020,2011-12,0
8210,폴라리스우노,114630,2011-12,0
8219,푸드나무,290720,2018-12,0
8221,푸드웰,5670,2011-12,1.176470588
8230,푸른기술,94940,2011-12,0
8239,풀무원,17810,2011-12,1.369863014
8248,풍강,93380,2011-08,0
8257,풍산,103140,2011-12,5.376344086
8266,풍산홀딩스,5810,2011-12,3.797468354
8275,퓨쳐켐,220100,2016-12,0
8279,프럼파스트,35200,2011-12,0
8288,프로스테믹스,203690,2014-12,0
8294,프로이천,321260,2019-12,0
8295,프로텍,53610,2011-12,0
8304,프리엠스,53160,2011-12,0
8313,플래스크,41590,2011-12,0
8322,플랜티넷,75130,2011-12,0
8331,플레이그램,9810,2011-12,-2.53164557
8340,플레이위드,23770,2011-12,-63.63636364
8349,플리토,300080,2019-12,0
8350,피델릭스,32580,2011-12,0
8359,피씨디렉트,51380,2011-12,0
8368,피에스엠씨,24850,2011-12,10.47619048
8376,피에이치씨,57880,2011-12,3.703703704
8385,피엔티,137400,2012-12,0
8393,피엔풍년,24940,2011-12,0
8402,피제이메탈,128660,2011-12,0
8411,피제이전자,6140,2011-12,0
8420,피피아이,62970,2019-12,0
8421,픽셀플러스,87600,2015-12,0
8426,필옵틱스,161580,2017-12,0
8429,하나투어,39130,2011-12,0
8438,하림,136480,2011-12,0
8447,하림지,3380,2017-12,0
8450,하이로닉,149980,2014-12,0
8456,하이비젼시스템,126700,2011-12,0
8465,하이소닉,106080,2011-12,0
8474,하이스틸,71090,2011-12,0
8483,하이텍팜,106190,2011-12,0
8492,하이트론씨스템즈,19490,2011-12,0
8501,하츠,66130,2011-12,0
8510,한국가구,4590,2011-12,0
8519,한국경제티브이,39340,2011-12,0
8528,한국비엔씨,256840,2016-12,0
8532,한국전자홀딩스,6200,2011-12,-1.111111111
8541,한국종합기술,23350,2011-12,0
8550,한국카본,17960,2011-12,-2.380952381
8559,한국코퍼레이션,50540,2011-12,-5.882352941
8568,한국큐빅,21650,2011-12,-2.247191011
8577,한국테크놀로지,53590,2011-12,13.69863014
8586,한국특강,7280,2011-12,0
8595,한국팩키지,37230,2011-12,0
8604,한국화장품제조,3350,2011-12,0
8613,한글과컴퓨터,30520,2011-12,0
8622,한네트,52600,2011-12,0
8631,한농화성,11500,2011-12,0
8640,한독,2390,2011-12,3.174603175
8649,한독크린텍,256150,2019-12,0
8650,한라,14790,2011-12,2.222222222
8659,한라홀딩스,60980,2011-12,0
8668,한미글로벌건축사사무소,53690,2011-12,9.333333333
8677,한빛소프트,47080,2011-12,3.278688525
8686,한샘,9240,2011-12,-5.714285714
8695,한섬,20000,2011-12,0
8704,한솔케미칼,14680,2011-12,1.19047619
8713,한솔홈데코,25750,2011-12,4.545454545
8722,한송네오텍,226440,2015-12,0
8727,한익스프레스,14130,2011-12,0
8736,한일진공,123840,2011-12,0
8745,한진,2320,2011-12,2.105263158
8754,한진중공업홀딩스,3480,2011-12,0
8763,한진칼,180640,2013-12,0
8770,한창,5110,2011-12,-12.98701299
8779,한창바이오텍,43090,2011-12,-4.705882353
8788,한창제지,9460,2011-12,0
8797,한컴위드,54920,2011-12,1.587301587
8806,한탑,2680,2011-12,9.195402299
8815,한화,880,2011-12,0
8824,핸디소프트,220180,2016-12,0
8828,헥토이노베이션,214180,2015-12,0
8833,헥토파이낸셜,234340,2019-12,0
8834,헬릭스미스,84990,2011-12,-57.89473684
8843,현대공업,170030,2013-12,0
8850,현대그린푸드,5440,2011-12,0
8859,현대리바트,79430,2011-12,4.87804878
8868,현대미포조선,10620,2011-12,10.46511628
8877,현대바이오랜드,52260,2011-12,5.454545455
8886,현대백화점,69960,2011-12,-17.64705882
8895,현대에버다임,41440,2011-12,-1.298701299
8904,현대이지웰,90850,2013-12,0
8911,현대퓨처넷,126560,2011-12,-1.785714286
8920,현대홈쇼핑,57050,2011-12,66.66666667
8929,협진,138360,2013-12,0
8936,형지아이앤씨,11080,2011-12,0
8945,형지엘리트,93240,2011-06,0
8954,혜인,3010,2011-12,0
8963,호텔신라,8770,2011-12,0
8972,홈센타홀딩스,60560,2011-12,5.555555556
8981,홈캐스트,64240,2011-12,-5.128205128
8990,화승엔터프라이즈,241590,2016-12,0
8994,화승인더스트리,6060,2011-12,-1.111111111
9003,화승코퍼레이션,13520,2011-12,2.325581395
9012,화신,10690,2011-12,2.197802198
9021,화신정공,126640,2011-12,0
9030,화인베스틸,133820,2014-12,0
9036,황금에스티,32560,2011-12,4.395604396
9045,효성,4800,2011-12,5.555555556
9054,후성,93370,2011-12,-6.578947368
9063,휠라홀딩스,81660,2011-12,8
9072,휴네시온,290270,2018-12,0
9074,휴니드테크놀러지스,5870,2011-12,0
9083,휴맥스,115160,2011-12,5.194805195
9092,휴맥스홀딩스,28080,2011-12,-180
9101,휴먼엔,32860,2011-12,0
9110,휴메딕스,200670,2014-12,0
9116,휴비스,79980,2012-12,0
9124,휴비츠,65510,2011-12,1.818181818
9133,휴센텍,215090,2015-12,0
9138,휴스틸,5010,2011-12,1.162790698
9147,휴엠앤씨,263920,2017-12,0
9150,휴온스,243070,2016-12,0
9154,휴온스글로벌,84110,2011-12,0
9163,흥국,10240,2011-12,0
9172,흥국에프엔비,189980,2015-12,0
9177,희림종합건축사사무소,37440,2011-12,0
9186,힘스,238490,2017-12,0
9189,AJ네트웍스,95570,2015-12,0
9194,CS홀딩스,590,2011-12,-1.204819277
9203,HD현대,267250,2017-12,0
9206,KB오토시스,24120,2011-12,1.063829787
9215,KD,44180,2011-12,1.149425287
9224,KG스틸,16380,2011-12,2.127659574
9233,KISCO홀딩스,1940,2011-12,2.173913043
9242,LG이노텍,11070,2011-12,4.395604396
9251,LS일렉트릭,10120,2011-12,3.614457831
9260,OCI,10060,2011-12,3.076923077
9269,SK이노베이션,96770,2011-12,0
9278,SNT모티브,64960,2011-12,4.545454545
9287,SNT중공업,3570,2011-12,1.176470588
9296,STX엔진,77970,2011-12,0
9305,STX중공업,71970,2011-12,0
9314,가온미디어,78890,2011-12,2.409638554
9323,가온전선,500,2011-12,1.041666667
9332,감성코퍼레이션,36620,2011-12,0
9341,강남제비스코,860,2011-12,1.149425287
9350,갤럭시아머니트리,94480,2011-12,0
9359,경남스틸,39240,2011-12,0
9368,경남제약,53950,2011-12,0
9377,경동제약,11040,2011-12,-23.07692308
9386,경인전자,9140,2011-12,3.571428571
9395,경창산업,24910,2011-12,3.225806452
9404,계룡건설산업,13580,2011-12,0
9413,계양전기,12200,2011-12,3.614457831
9422,고려산업,2140,2011-12,2.272727273
9431,고려신용정보,49720,2011-12,0
9440,고려아연,10130,2011-12,0
9449,고려제강,2240,2011-12,1.234567901
9458,고려제약,14570,2011-12,0
9467,광동제약,9290,2011-12,0
9476,광전자,17900,2011-12,6.593406593
9485,광진실업,26910,2011-12,0
9494,국도화학,7690,2011-12,2.197802198
9503,국일신동,60480,2014-12,0
9509,국일제지,78130,2011-12,1.075268817
9518,국제약품,2720,2011-03,0
9527,그랜드코리아레저,114090,2011-12,0
9536,그레이트리치과기유한공사,900290,2016-06,0
9540,그린케미칼,83420,2011-12,0
9549,극동유화,14530,2011-12,0
9558,글로벌에스엠테크리미티드,900070,2011-12,5.194805195
9567,글로벌텍스프리,204620,2014-12,0
9573,글로본,19660,2011-03,0
9582,금강공업,14280,2011-12,3.488372093
9591,금강철강,53260,2011-12,-1.052631579
9600,금호건설,2990,2011-12,-3.296703297
9609,금호석유화학,11780,2011-12,-1.19047619
9618,금호전기,1210,2011-12,2.5
9627,금호타이어,73240,2011-12,3.797468354
9636,기신정기,92440,2011-03,1.369863014
9645,기아,270,2011-12,-1.298701299
9654,깨끗한나라,4540,2011-12,0
9663,나노캠텍,91970,2011-12,7.954545455
9672,나라엠앤디,51490,2011-12,-1.19047619
9681,나무기술,242040,2016-12,0
9685,나이스정보통신,36800,2011-12,0
9694,나이스평가정보,30190,2011-12,0
9703,남광토건,1260,2011-12,0
9712,남양유업,3920,2011-12,0
9721,남해화학,25860,2011-12,0
9730,남화산업,111710,2018-12,0
9732,남화토건,91590,2012-12,0
9740,네이버,35420,2011-12,0
9749,넥센타이어,2350,2011-12,7.894736842
9758,넷마블,251270,2017-12,0
9761,농업회사법인농우바이오,54050,2011-10,-5.714285714
9769,농업회사법인아시아종묘,154030,2018-09,0
9771,뉴지랩파마,214870,2015-12,0
9776,다믈멀티미디어,93640,2011-12,0
9785,다스코,58730,2011-12,-1.19047619
9794,대동금속,20400,2011-12,0
9803,대동기어,8830,2011-12,0
9812,대동전자,8110,2011-03,4
9821,대림비앤코,5750,2011-12,1.25
9830,대림통상,6570,2011-12,2.380952381
9839,대모엔지니어링,317850,2019-12,0
9840,대보마그네틱,290670,2018-12,0
9842,대봉엘에스,78140,2011-12,3.614457831
9851,대상,1680,2011-12,1.408450704
9860,대상홀딩스,84690,2011-12,10
9869,대성산업,128820,2011-12,5.555555556
9878,대성에너지,117580,2011-12,0
9887,대성홀딩스,16710,2011-12,2.222222222
9896,대신정보통신,20180,2011-03,0
9905,대아티아이,45390,2011-12,-2.857142857
9914,대양전기공업,108380,2011-12,0
9923,대양제지공업,6580,2011-12,2.197802198
9932,대영포장,14160,2011-12,0
9941,대우전자부품,9320,2011-12,0
9950,대우조선해양,42660,2011-12,5.617977528
9959,대원강업,430,2011-12,3.448275862
9968,대원미디어,48910,2011-12,-4.87804878
9977,대원산업,5710,2011-12,2.150537634
9986,대원전선,6340,2011-12,1.030927835
9995,대원제약,3220,2011-12,9.090909091
10004,대원화성,24890,2011-12,0
10013,대정화금,120240,2011-12,0
10022,대산업,3310,2011-12,1.149425287
10031,대전자재료,78600,2011-12,4.819277108
10040,대창단조,15230,2011-12,-1.136363636
10049,대한광통신,10170,2011-12,0
10058,대한그린파워,60900,2011-12,-4
10067,대한뉴팜,54670,2011-12,0
10076,대한방직,1070,2011-12,8.163265306
10085,대한약품공업,23910,2011-12,0
10094,대한유화,6650,2011-12,4.210526316
10103,대한전선,1440,2011-12,2.105263158
10112,대한제강,84010,2011-12,2.150537634
10121,대한제당,1790,2011-12,0
10130,대한제분,1130,2011-12,8.988764045
10139,대한해운,5880,2011-12,8.695652174
10148,대한화섬,3830,2011-12,0
10157,대화제약,67080,2011-12,16.21621622
10166,더이앤엠,89230,2011-12,0
10175,덕산네오룩스,213420,2015-12,0
10180,덕산하이메탈,77360,2011-12,0
10189,덕양산업,24900,2011-12,0
10198,덕우전자,263600,2017-12,0
10201,데브시스터즈,194480,2014-12,0
10207,도이치모터스,67990,2011-12,3.260869565
10216,동국산업,5160,2011-12,1.149425287
10225,동국제강,1230,2011-12,3.225806452
10234,동국제약,86450,2011-12,0
10243,동부건설,5960,2011-12,1.123595506
10252,동성제약,2210,2011-12,-4.761904762
10261,동신건설,25950,2011-12,0
10270,동아쏘시오홀딩스,640,2011-12,9.803921569
10279,동아에스티,170900,2013-12,0
10286,동아타이어공업,282690,2017-12,0
10289,동아화성,41930,2011-12,3.260869565
10298,동양이엔피,79960,2011-12,2.197802198
10307,동양철관,8970,2011-12,3.191489362
10316,동양파일,228340,2016-12,0
10320,동양피스톤,92780,2017-12,0
10323,동원금속,18500,2011-03,-1.234567901
10332,동원산업,6040,2011-12,5.952380952
10341,동원수산,30720,2011-12,-1.136363636
10350,동원시스템즈,14820,2011-12,2.272727273
10359,동일고무벨트,163560,2012-12,0
10367,동일금속,109860,2011-12,0
10376,동일산업,4890,2011-12,0
10385,동일제강,2690,2015-12,0
10390,동일철강,23790,2011-12,0
10399,동화기업,25900,2011-12,1.234567901
10408,동화약품,20,2011-12,0
10417,두산밥캣,241560,2016-12,0
10421,두산에너빌리티,34020,2011-12,2.352941176
10430,두산퓨얼셀,336260,2019-12,0
10431,디씨엠,24090,2011-12,1.25
10440,디아이동일,1530,2011-12,1.298701299
10449,디아이티,110990,2018-12,0
10451,디에스알,155660,2013-12,0
10458,디에스알제강,69730,2011-12,0
10467,디엑스앤브이엑스,180400,2015-12,0
10472,디엘,210,2011-12,0
10481,디엘건설,1880,2011-12,0
10490,디와이,13570,2011-12,3.571428571
10499,디와이씨,310870,2018-12,0
10501,디와이파워,210540,2015-12,0
10506,디와이피엔에프,104460,2011-12,1.369863014
10515,디젠스,113810,2012-12,0
10523,디케이락,105740,2011-12,0
10532,라온시큐어,42510,2011-12,-6.796116505
10541,라온피플,300120,2019-12,0
10542,램테크놀러지,171010,2013-12,0
10549,로스웰인터내셔널유한회사,900260,2015-12,0
10554,로체시스템즈,71280,2011-12,0
10563,롯데관광개발,32350,2011-12,9.756097561
10572,롯데쇼핑,23530,2011-12,0
10581,롯데정밀화학,4000,2011-12,1.136363636
10590,롯데정보통신,286940,2018-12,0
10592,롯데제과,280360,2017-12,0
10595,롯데지,4990,2011-12,3.278688525
10604,롯데칠성음료,5300,2011-12,0
10613,롯데케미칼,11170,2011-12,2.272727273
10622,롯데하이마트,71840,2011-12,0
10631,리노공업,58470,2011-12,0
10640,마이크로로봇,182690,2014-12,0
10646,만호제강,1080,2011-06,0
10655,매일유업,267980,2017-12,0
10658,매일홀딩스,5990,2011-12,0
10667,메가스터디,72870,2011-12,0
10676,메가스터디교육,215200,2015-12,0
10681,메가엠디,133750,2015-12,0
10686,메디앙스,14100,2011-12,0
10695,메디포스트,78160,2011-12,-18.18181818
10704,명문제약,17180,2011-12,0
10713,명성티엔에스,257370,2018-12,0
10715,모바일어플라이언스,87260,2017-12,0
10718,모트렉스,118990,2017-12,0
10721,무림에스피,1810,2011-12,0
10730,무림페이퍼,9200,2011-12,7.058823529
10739,무림피앤피,9580,2011-12,9.302325581
10748,문배철강,8420,2011-12,0
10757,미디어젠,279600,2019-12,0
10758,미래나노텍,95500,2011-12,0
10767,미래산업,25560,2011-12,9.638554217
10776,미스터블루,207760,2014-12,0
10782,미원상사,2840,2011-12,2.43902439
10791,미원스페셜티케미칼,268280,2017-12,0
10794,미원홀딩스,107590,2011-12,3.614457831
10803,미원화학,134380,2011-12,0
10812,미창석유공업,3650,2011-12,0
10821,바디텍메드,206640,2014-12,0
10827,바이온,32980,2011-06,0
10836,백광산업,1340,2011-12,5.813953488
10845,범양건영,2410,2011-12,15.04424779
10854,베뉴지,19010,2011-12,-5.454545455
10863,보성파워텍,6910,2011-12,3.191489362
10872,보해양조,890,2011-12,5
10881,부광약품,3000,2011-03,0
10890,부국철강,26940,2011-12,0
10899,부산산업,11390,2011-12,1.162790698
10908,부산공,5030,2011-12,0
10917,브릿지바이오테라퓨틱스,288330,2019-12,0
10918,비디아이,148140,2017-12,0
10921,비에이치아이,83650,2011-12,12.94117647
10930,비케이탑스,30790,2011-12,0
10939,비플라이소프트,148780,2016-12,0
10943,빛샘전자,72950,2012-12,0
10951,사조동아원,8040,2011-12,5.681818182
10960,사조산업,7160,2011-12,1.204819277
10969,사조씨푸드,14710,2012-12,0
10977,삼강엠앤티,100090,2011-12,0
10986,삼륭물산,14970,2011-12,4.87804878
10995,삼목에스폼,18310,2011-12,0
11004,삼보모터스,53700,2011-12,1.111111111
11013,삼보산업,9620,2011-12,0
11022,삼부토건,1470,2011-12,7
11031,삼성SDI,6400,2011-12,2.298850575
11040,삼성공조,6660,2011-12,2.272727273
11049,삼성물산,28260,2014-12,0
11055,삼성바이오로직스,207940,2016-12,0
11059,삼성에스디에스,18260,2014-12,0
11065,삼성엔지니어링,28050,2011-12,3.409090909
11074,삼성전기,9150,2011-12,9.523809524
11083,삼성전자,5930,2011-12,2.941176471
11092,삼성제약,1360,2011-12,0
11101,삼성중공업,10140,2011-12,0
11110,삼아알미늄,6110,2011-12,0
11119,삼아제약,9300,2011-12,0
11128,삼양식품,3230,2011-12,2.564102564
11137,삼양통상,2170,2011-12,-1.123595506
11146,삼영무역,2810,2011-12,2.173913043
11155,삼영엠텍,54540,2011-12,-2.43902439
11164,삼영이엔씨,65570,2011-12,0
11173,삼영전자공업,5680,2011-12,0
11182,삼영화학공업,3720,2011-12,-3.703703704
11191,삼익티에이치케이,4380,2011-12,0
11200,삼일제약,520,2011-12,6.666666667
11209,삼정펄프,9770,2011-12,0
11218,삼지전자,37460,2011-12,0
11227,삼진제약,5500,2011-12,0
11236,삼천당제약,250,2011-12,0
11245,삼천리자전거,24950,2011-12,0
11254,삼현철강,17480,2011-12,0
11263,삼호개발,10960,2011-12,5.376344086
11272,삼화왕관,4450,2011-12,0
11281,삼화전기,9470,2011-12,3.370786517
11290,삼화전자공업,11230,2011-12,3.157894737
11299,삼화콘덴서공업,1820,2011-12,5.882352941
11308,삼화페인트공업,390,2011-12,-2.43902439
11317,상신브레이크,41650,2011-12,4.938271605
11326,상신이디피,91580,2011-12,-1.176470588
11335,상신전자,263810,2017-12,0
11338,새론오토모티브,75180,2011-12,-1.204819277
11347,샘표,7540,2011-12,3.225806452
11356,샘표식품,248170,2016-12,0
11360,서암기계공업,100660,2011-12,0
11369,서울도시가스,17390,2011-12,1.098901099
11378,서울반도체,46890,2011-12,10.58823529
11387,서울식품공업,4410,2011-12,-7.407407407
11396,서울전자통신,27040,2011-12,4.347826087
11405,서호전기,65710,2011-12,7.894736842
11414,선도전기,7610,2011-12,-1.111111111
11423,성문전자,14910,2011-12,4.87804878
11432,성보화학,3080,2011-12,0
11441,성신양회,4980,2011-12,-1.086956522
11450,성우전자,81580,2011-12,-5.952380952
11459,성우테크론,45300,2011-12,5.376344086
11468,성창기업지,180,2011-12,-2.53164557
11477,성호전자,43260,2011-12,4.545454545
11486,세기상사,2420,2011-12,-3.370786517
11495,세명전기공업,17510,2011-12,0
11504,세방,4360,2011-12,1.111111111
11513,세방전지,4490,2011-12,0
11522,세원이앤씨,91090,2011-12,12.12121212
11531,세종공업,33530,2011-12,4.651162791
11540,세종텔레콤,36630,2011-12,28.57142857
11549,세하,27970,2011-12,0
11558,소니드,60230,2011-12,3.225806452
11567,소프트캠프,258790,2017-12,0
11570,솔루스첨단소재,336370,2019-12,0
11571,솔브레인홀딩스,36830,2011-12,-1.282051282
11580,송원산업,4430,2011-12,-1.176470588
11589,스튜디오드래곤,253450,2017-12,0
11592,시그네틱스,33170,2011-12,0
11601,신대양제지,16590,2011-12,2.272727273
11610,신라교역,4970,2011-12,12.34567901
11619,신라섬유,1000,2011-12,0
11628,신라에스지,25870,2011-12,0
11637,신라젠,215600,2016-12,0
11641,신성델타테크,65350,2011-12,2.173913043
11650,신성통상,5390,2011-06,1.315789474
11659,신세계건설,34300,2011-12,0
11668,신송홀딩스,6880,2013-12,0
11675,신신제약,2800,2017-12,0
11678,신원종합개발,17000,2011-12,0
11687,신일전자,2700,2011-12,0
11696,신일제약,12790,2011-12,0
11705,신풍제약,19170,2011-12,3.636363636
11714,신풍제지,2870,2011-12,7.368421053
11723,신화인터텍,56700,2011-12,0
11732,신흥에스이씨,243840,2017-12,0
11735,쌍용씨앤이,3410,2011-12,4.597701149
11744,쌍용자동차,3620,2011-12,2.272727273
11753,쌍용정보통신,10280,2011-12,1.123595506
11762,써니전자,4770,2011-12,-6.024096386
11771,씨비아이,13720,2011-12,0
11780,씨아이에스,222080,2015-12,0
11785,씨앤지하이테크,264660,2018-12,0
11787,씨앤티85,56730,2011-12,20
11796,씨에스베어링,297090,2019-12,0
11797,씨에스윈드,112610,2014-12,0
11803,씨제이,1040,2011-12,1.538461538
11812,씨제이대한통운,120,2011-12,2.197802198
11821,씨제이바이오사이언스,311690,2019-12,0
11822,씨제이씨지브이,79160,2011-12,0
11831,씨제이씨푸드,11150,2011-12,2.469135802
11840,씨제이제일제당,97950,2011-12,4.109589041
11849,씨제이프레시웨이,51500,2011-12,1.086956522
11858,씨케이에이치푸드앤헬스리미티드,900120,2011-06,22.5
11867,씨큐브,101240,2011-12,0
11876,아남전자,8700,2011-12,3.529411765
11885,아미코젠,92040,2013-12,0
11892,아비코전자,36010,2011-12,2.173913043
11901,아세아,2030,2011-12,-1.136363636
11910,아세아시멘트,183190,2013-12,0
11917,아세아제지,2310,2011-12,1.111111111
11926,아시아나아이디티,267850,2018-12,0
11928,아시아나항공,20560,2011-12,7.317073171
11937,아이쓰리시스템,214430,2015-12,0
11942,아이에스동서,10780,2011-12,-2.564102564
11951,아이진,185490,2015-12,0
11956,아이큐어,175250,2018-12,0
11958,아이크래프트,52460,2011-12,0
11967,아이텍,119830,2011-12,0
11976,아진산업,13310,2015-12,0
11981,안국약품,1540,2011-12,18
11990,알리코제약,260660,2018-12,0
11992,알서포트,131370,2011-12,0
12001,알에스오토메이션,140670,2017-12,0
12004,알에프머트리얼즈,327260,2019-12,0
12005,알에프에이치아이씨,218410,2015-12,0
12010,압타바이오,293780,2019-12,0
12011,애경산업,18250,2018-12,0
12013,애경케미칼,161000,2012-12,0
12021,애니젠,196300,2016-12,0
12025,애머릿지코퍼레이션,900100,2011-12,3.296703297
12034,앱클론,174900,2017-12,0
12037,어보브반도체,102120,2011-12,2.469135802
12046,에스넷시스템,38680,2011-12,1.149425287
12055,에스디엔,99220,2011-12,4.819277108
12064,에스맥,97780,2011-12,-1.123595506
12073,에스비더블유생명과학,151910,2012-12,0
12081,에스비아이핀테크솔루션즈,950110,2013-03,0
12088,에스씨아이평가정보,36120,2011-12,0
12097,에스엔유프리시젼,80000,2011-12,0
12106,에스엔케이폴리텍,91340,2011-12,0
12115,에스엘,5850,2011-03,1.176470588
12124,에스와이,109610,2015-12,0
12129,에스지씨에너지,5090,2011-12,0
12138,에스지씨이테크건설,16250,2011-12,-2.222222222
12147,에스지에이,49470,2011-12,-46.03174603
12156,에스지에이솔루션즈,184230,2014-06,0
12162,에스지이,255220,2018-12,0
12164,에스케이,34730,2011-12,0
12173,에스케이가스,18670,2011-12,0
12182,에스케이네트웍스,1740,2011-12,0
12191,에스케이디스커버리,6120,2011-12,15.2173913
12200,에스케이디앤디,210980,2015-12,0
12205,에스케이렌터카,68400,2012-12,0
12213,에스케이씨,11790,2011-12,2.469135802
12222,에스케이케미칼,285130,2018-12,0
12224,에스케이텔레콤,17670,2011-12,0
12233,에스케이하이닉스,660,2011-12,25
12242,에스텍,69510,2011-12,11.76470588
12251,에스트래픽,234300,2017-12,0
12254,에스티팜,237690,2016-12,0
12258,에스퓨얼셀,288620,2018-12,0
12260,에쓰-오일,10950,2011-12,-1.075268817
12269,에쓰씨엔지니어링,23960,2011-12,10.41666667
12278,에어부산,298690,2018-12,0
12280,에이비엘바이오,298380,2018-12,0
12282,에이에프더블류,312610,2019-12,0
12283,에이치디씨,12630,2011-12,-2.469135802
12292,에이치디씨랩스,39570,2015-12,0
12297,에이치디씨현대산업개발,294870,2018-12,0
12299,에이치디씨현대이피,89470,2011-12,0
12308,에이치에스디엔진,82740,2011-12,0
12317,에이치엘비,28300,2011-12,-3.658536585
12326,에이치엘비글로벌,3580,2011-12,21.875
12335,에이치엘비생명과학,67630,2011-12,0
12344,에이치엘비제약,47920,2015-12,0
12349,에이치엘비테라퓨틱스,115450,2011-12,33.8028169
12358,에이치엠엠,11200,2011-12,11.11111111
12367,에이케이홀딩스,6840,2011-12,2.222222222
12376,에이테크솔루션,71670,2011-12,3.448275862
12385,에이프로젠제약,3060,2011-12,13.7254902
12394,에이피시스템,265520,2017-12,0
12397,에이피에스홀딩스,54620,2011-12,-8.860759494
12406,에이피위성,211270,2016-12,0
12410,에이피티씨,89970,2018-12,0
12412,에코바이오홀딩스,38870,2011-12,42.25352113
12421,에코캡,128540,2018-12,0
12423,에코플라스틱,38110,2011-12,-1.052631579
12432,에프엔에스테크,83500,2017-12,0
12435,엑스큐어,70300,2011-12,0
12444,엔브이에이치코리아,67570,2013-12,0
12451,엔시트론,101400,2011-12,-2.816901408
12460,엔에이치엔,181710,2013-12,0
12467,엔에이치엔한국사이버결제,60250,2011-12,1.176470588
12476,엔피씨,4250,2011-12,0
12485,엘브이엠씨홀딩스,900140,2011-12,0
12494,엘비세미콘,61970,2011-12,0
12503,엘아이지넥스원,79550,2015-12,0
12508,엘에스전선아시아,229640,2016-12,0
12512,엘지디스플레이,34220,2011-12,10.52631579
12521,엘지전자,66570,2011-12,0
12530,엘컴텍,37950,2011-12,4.04040404
12539,엘티씨,170920,2013-12,0
12546,엠에프엠코리아,323230,2019-12,0
12547,엠케이전자,33160,2011-12,-1.041666667
12556,영보화학,14440,2011-12,1.282051282
12565,영신금속공업,7530,2011-12,0
12574,영진약품,3520,2011-12,0
12583,영풍정밀,36560,2011-12,0
12592,영풍제지,6740,2011-12,0
12601,영화금속,12280,2011-12,0
12610,영화테크,265560,2017-12,0
12613,예스이십사,53280,2011-12,1.265822785
12622,오가닉티코스메틱스홀딩스컴퍼니리미티드,900300,2015-12,0
12627,오로라월드,39830,2011-12,-8.333333333
12636,오상자이엘,53980,2011-12,-1.298701299
12645,오성첨단소재,52420,2011-12,9.411764706
12654,오션브릿지,241790,2016-12,0
12658,오스템임플란트,48260,2011-12,-12.19512195
12667,올리패스,244460,2019-12,0
12668,올릭스,226950,2018-12,0
12670,옴니시스템,57540,2011-12,10.58823529
12679,옵티시스,109080,2011-12,0
12688,와이더블유,51390,2011-12,24.3902439
12697,와이아이케이,232140,2015-12,0
12702,와이엠씨,155650,2012-12,0
12710,와이엠티,251370,2017-12,0
12713,와토스코리아,79000,2011-12,0
12722,우리바이오,82850,2011-12,-1.19047619
12731,우리산업,215360,2015-12,0
12736,우리산업홀딩스,72470,2011-12,2.352941176
12745,우리손에프앤지농업회사법인,73560,2016-12,0
12749,우리엔터프라이즈,37400,2011-12,1.219512195
12758,우리이앤엘,153490,2013-12,0
12765,우림피티에스,101170,2011-12,3.846153846
12774,우수AMS,66590,2011-12,2.150537634
12783,우원개발,46940,2011-12,1.075268817
12792,우진비앤지,18620,2011-12,0
12801,원텍,336570,2019-12,0
12802,원풍물산,8290,2011-12,0
12811,웰바이오텍,10600,2011-12,1.136363636
12820,웹케시,53580,2019-12,0
12821,위즈코프,38620,2011-12,0
12830,윈텍,320000,2019-12,0
12831,윙입푸드홀딩스,900340,2018-12,0
12833,유네코,64510,2018-12,0
12835,유니셈,36200,2011-12,-2.666666667
12844,유니슨,18000,2011-12,19.79166667
12853,유니온머티리얼,47400,2011-12,2.631578947
12862,유니퀘스트,77500,2011-12,0
12871,유비벨록스,89850,2011-12,-1.492537313
12880,유성기업,2920,2011-12,-2.222222222
12889,유아이엘,49520,2011-12,-3.296703297
12898,유엔젤,72130,2011-12,5.263157895
12907,유진기업,23410,2011-12,5.434782609
12916,율촌화학,8730,2011-12,0
12925,이건산업,8250,2011-12,-4.819277108
12934,이구산업,25820,2011-12,0
12943,이노시스,56090,2015-12,0
12948,이니텍,53350,2011-12,1.351351351
12957,이스트아시아홀딩스인베스트먼트리미티드,900110,2011-12,0
12966,이엠코리아,95190,2011-12,3.658536585
12975,이연제약,102460,2011-12,0
12984,이원다이애그노믹스,245620,2018-12,0
12986,이원컴포텍,88290,2011-12,2.247191011
12995,이지케어텍,99750,2019-03,0
12996,이트론,96040,2011-12,30.39215686
13005,이화공영,1840,2011-12,0
13014,이화산업,760,2011-03,100
13023,이화전기공업,24810,2011-12,3.797468354
13032,인베니아,79950,2011-12,0
13041,인선이엔티,60150,2011-12,3.896103896
13050,인지컨트롤스,23800,2011-12,-1.136363636
13059,인천도시가스,34590,2011-12,0
13068,인크로스,216050,2016-12,0
13072,인탑스,49070,2011-12,-1.123595506
13081,인터지스,129260,2011-12,0
13090,인포뱅크,39290,2011-12,0
13099,인화정공,101930,2011-12,10.25641026
13108,일동제약,249420,2016-12,0
13112,일동홀딩스,230,2011-12,-2.325581395
13121,일성건설,13360,2011-12,0
13130,일성신약,3120,2011-12,0
13139,일신방직,3200,2011-12,16.09195402
13148,일양약품,7570,2011-03,0
13157,일정실업,8500,2011-12,0
13166,일진다이아몬드,81000,2011-12,1.492537313
13175,일진디스플레이,20760,2011-12,0
13184,일진머티리얼즈,20150,2011-12,0
13193,일진전기,103590,2011-12,2.197802198
13202,일진홀딩스,15860,2011-12,2.247191011
13211,잉글우드랩,950140,2016-12,0
13215,자이글,234920,2016-12,0
13219,자이에스앤디,317400,2019-12,0
13220,자화전자,33240,2011-12,1.219512195
13229,재영솔루텍,49630,2011-12,-9.523809524
13238,전방,950,2011-12,13.46153846
13247,전진바이오팜,110020,2018-12,0
13249,제너셈,217190,2015-12,0
13254,제룡산업,147830,2012-12,0
13262,제룡전기,33100,2011-12,0
13271,제이더블유생명과학,234080,2016-12,0
13275,제이더블유신약,67290,2011-12,14.89361702
13284,제이더블유중외제약,1060,2011-12,4.545454545
13293,제이더블유홀딩스,96760,2011-12,3.389830508
13302,제이스코홀딩스,23440,2011-12,0
13311,제이씨케미칼,137950,2011-12,0
13320,제이씨현시스템,33320,2011-12,0
13329,제이엔케이히터,126880,2011-12,0
13338,제이엠아이,33050,2011-12,4.081632653
13347,제이엠티,94970,2011-12,-2.105263158
13356,제이준코스메틱,25620,2011-12,0
13365,제일약품,271980,2017-12,0
13368,제일연마공업,1560,2011-12,3.797468354
13377,제일파마홀딩스,2620,2011-12,0
13386,조광아이엘아이,44060,2011-12,0
13395,조광페인트,4910,2011-12,2.325581395
13404,조광피혁,4700,2011-12,7.777777778
13413,조선내화,480,2011-12,1.149425287
13422,조선선재,120030,2011-12,0
13431,조아제약,34940,2011-12,0
13440,조일알미늄,18470,2011-12,0
13449,성엔지니어링,36930,2011-12,-1.428571429
13458,줌인터넷,239340,2016-12,0
13462,지나인제약,78650,2011-12,8.333333333
13471,지니언스,263860,2017-12,0
13474,지더블유바이텍,36180,2011-12,0
13483,지에스건설,6360,2011-12,2.247191011
13492,지에이치신소재,130500,2013-12,0
13499,지엔원에너지,270520,2017-12,0
13502,지엘팜텍,204840,2014-12,0
13508,지엠비코리아,13870,2012-12,0
13516,진양산업,3780,2011-12,0
13525,진양제약,7370,2011-12,0
13534,진양폴리우레탄,10640,2011-12,0
13543,진양화학,51630,2011-12,0
13552,진원생명과학,11000,2011-12,8.333333333
13561,진흥기업,2780,2011-12,-4.255319149
13570,차이나크리스탈신소재홀딩스,900250,2014-12,0
13576,참엔지니어링,9310,2011-12,2.564102564
13585,참존글로벌,158310,2013-12,0
13592,참좋은여행,94850,2011-12,0
13601,카페24,42000,2018-12,0
13603,커머스마이너 ,223310,2015-12,0
13608,컨버즈,109070,2011-12,0
13617,컬러레이홀딩스,900310,2016-12,0
13621,케이디켐,221980,2015-12,0
13626,케이만금세기차륜집단유한공사,900280,2015-12,0
13631,케이비아이동국실업,1620,2011-12,0
13640,케이비아이메탈,24840,2011-12,0
13649,케이씨그린홀딩스,9440,2011-12,0
13658,케이씨코트렐,119650,2011-12,0
13667,케이알모터스,40,2011-12,1.136363636
13676,케이에이치건설,226360,2015-12,0
13681,케이에이치전자,111870,2011-12,4.285714286
13690,케이엠제약,225430,2015-12,0
13695,케이지이티에스,151860,2013-12,0
13702,케이지케미칼,1390,2011-12,-8.75
13711,케이피엑스라이프사이언스,114450,2011-12,0
13720,케이피엑스케미칼,25000,2011-12,2.272727273
13729,케이피엑스홀딩스,92230,2011-12,5.494505495
13738,코나아이,52400,2011-12,-3.174603175
13747,코드네이처,78940,2011-12,-2.325581395
13756,코리아에프티,123410,2011-12,0
13765,코스맥스,192820,2014-12,0
13771,코스맥스비티아이,44820,2011-12,0
13780,코스맥스엔비티,222040,2015-12,0
13785,코스모신소재,5070,2011-12,0
13794,코스모화학,5420,2011-12,0
13803,코아스템,166480,2015-12,0
13808,코오롱글로벌,3070,2011-12,1.123595506
13817,코오롱생명과학,102940,2011-12,0
13826,코오롱인더스트리,120110,2011-12,1.351351351
13835,코오롱티슈진,950160,2017-12,0
13838,코오롱플라스틱,138490,2011-12,0
13847,코웨이,21240,2011-12,0
13856,코웰패션,33290,2011-12,0
13865,코위버,56360,2011-12,-6.493506494
13874,콜마비앤에이치,200130,2014-12,0
13880,쿠쿠홀딩스,192400,2014-12,0
13886,쿠쿠홈시스,284740,2018-12,0
13888,큐렉소,60280,2011-12,10.52631579
13897,크로바하이텍,43590,2011-12,-1.136363636
13906,크루셜텍,114120,2011-12,5.747126437
13915,크리스탈지노믹스,83790,2011-12,0
13924,키네마스터,139670,2011-12,0
13933,태경산업,15890,2011-12,4
13942,태경케미컬,6890,2011-12,5.797101449
13951,태광산업,3240,2011-12,14.08450704
13960,태림포장,11280,2011-12,0
13969,태양금속공업,4100,2011-12,1.123595506
13978,태원물산,1420,2011-12,0
13987,태평양물산,7980,2011-12,-1.149425287
13996,테고사이언스,191420,2014-12,0
14002,테라사이언스,73640,2011-12,1.298701299
14011,텔코웨어,78000,2011-12,-4.545454545
14020,티와이엠,2900,2011-12,1.265822785
14029,티제이미디어,32540,2011-12,-4.47761194
14038,티케이지애강,22220,2011-12,1.098901099
14047,티케이지휴켐스,69260,2011-12,5.952380952
14056,팅크웨어,84730,2011-12,0
14065,파나케이아,58530,2011-12,-6.060606061
14074,파미셀,5690,2011-12,26.72413793
14083,팜젠사이언스,4720,2011-12,17.77777778
14092,패션플랫폼,225590,2015-12,0
14097,팬오션,28670,2011-12,3
14106,퍼스텍,10820,2011-12,0
14115,펌텍코리아,251970,2019-12,0
14116,페이퍼코리아,1020,2011-12,9.574468085
14125,평화산업,90080,2011-12,1.052631579
14134,평화홀딩스,10770,2011-12,4.210526316
14143,포스코스틸리온,58430,2011-12,0
14152,포스코홀딩스,5490,2011-12,4.597701149
14161,풍국정공업,23900,2011-12,1.333333333
14170,피씨엘,241820,2017-12,0
14173,피앤씨테크,237750,2016-12,0
14177,피에스케이,319660,2019-12,0
14178,피에스케이홀딩스,31980,2011-12,13.33333333
14187,피에스텍,2230,2011-12,-6.976744186
14196,피에이치에이,43370,2011-12,1.219512195
14205,하나마이크론,67310,2011-12,6.666666667
14214,하나머티리얼즈,166090,2017-12,0
14217,하나제약,293480,2018-12,0
14219,하이록코리아,13030,2011-12,5.714285714
14228,하이즈항공,221840,2015-12,0
14233,하이트진로,80,2011-12,1.694915254
14242,하이트진로홀딩스,140,2011-12,5.357142857
14251,한국가스공사,36460,2011-12,1.052631579
14260,한국공항,5430,2011-12,2.298850575
14269,한국기업평가,34950,2011-09,0
14278,한국내화,10040,2011-12,0
14287,한국단자공업,25540,2011-12,0
14296,한국맥널티,222980,2015-12,0
14301,한국석유공업,4090,2011-12,1.098901099
14310,한국선재,25550,2011-12,0
14319,한국수출포장공업,2200,2011-12,0
14328,한국쉘석유,2960,2011-12,0
14337,한국알콜산업,17890,2011-12,2.325581395
14346,한국앤컴퍼니,240,2011-12,5.405405405
14355,한국유나이티드제약,33270,2011-12,5.128205128
14364,한국유니온제약,80720,2018-12,0
14366,한국전력공사,15760,2011-12,7.070707071
14375,한국전력기술,52690,2011-12,0
14384,한국전자금융,63570,2011-12,5
14393,한국전자인증,41460,2011-12,0
14402,한국정밀기계,101680,2011-12,0
14411,한국정보공학,39740,2011-12,2.150537634
14420,한국정보인증,53300,2014-12,0
14426,한국정보통신,25770,2011-12,0
14435,한국조선해양,9540,2011-12,8.045977011
14444,한국강,25890,2011-12,0
14453,한국철관공업,970,2011-03,-18.91891892
14462,한국지역난방공사,71320,2011-12,6.382978723
14471,한국철강,104700,2011-12,0
14480,한국컴퓨터,54040,2011-12,1.052631579
14489,한국콜마,161890,2013-03,0
14496,한국콜마홀딩스,24720,2011-03,0
14505,한국타이어앤테크놀로지,161390,2012-12,0
14513,한국프랜지공업,10100,2011-12,2.127659574
14522,한국항공우산업,47810,2011-12,0
14531,한국화장품,123690,2011-12,-13.88888889
14540,한라아이엠에스,92460,2011-12,13.04347826
14549,한미반도체,42700,2011-12,-1.408450704
14558,한미사이언스,8930,2011-12,0
14567,한미약품,128940,2011-12,6.666666667
14576,한성기업,3680,2011-12,1.219512195
14585,한세실업,105630,2011-12,-2.469135802
14594,한세엠케이,69640,2011-12,0
14603,한세예스24홀딩스,16450,2011-12,-2.5
14612,한솔로지스틱스,9180,2011-12,-1.086956522
14621,한솔아이원스,114810,2013-12,0
14628,한솔인티큐브,70590,2011-12,-4.411764706
14637,한솔제지,213500,2015-12,0
14642,한솔테크닉스,4710,2011-12,1.030927835
14651,한솔피엔에스,10420,2011-12,0
14660,한솔홀딩스,4150,2011-12,1.204819277
14669,한스바이오메드,42520,2011-09,0
14678,한신공영,4960,2011-12,-2.197802198
14687,한신기계공업,11700,2011-12,2.469135802
14696,한양디지텍,78350,2011-12,4.301075269
14705,한양이엔지,45100,2011-12,-1.098901099
14714,한온시스템,18880,2011-12,3.571428571
14723,한올바이오파마,9420,2011-12,4.081632653
14732,한일네트웍스,46110,2011-12,-3.191489362
14741,한일단조공업,24740,2011-12,4.545454545
14750,한일사료,5860,2011-12,0
14759,한일시멘트,300720,2018-12,0
14761,한일철강,2220,2011-12,0
14770,한일현대시멘트,6390,2011-12,-13.33333333
14779,한일홀딩스,3300,2011-12,0
14788,한일화학공업,7770,2011-12,0
14797,한전산업개발,130660,2011-12,1.162790698
14806,한전케이피에스,51600,2011-12,0
14815,한창산업,79170,2011-12,0
14824,한화솔루션,9830,2011-12,7.228915663
14833,한화시스템,272210,2019-12,0
14834,한화에어로스페이스,12450,2011-12,1.219512195
14843,해성디에스,195870,2016-12,0
14847,해성산업,34810,2011-12,0
14856,해성옵틱스,76610,2013-12,0
14863,해태제과식품,101530,2016-12,0
14867,핸즈코퍼레이션,143210,2016-12,0
14871,헝셩그룹유한회사,900270,2015-12,0
14876,현대건설,720,2011-12,2.222222222
14885,현대건설기계,267270,2017-12,0
14888,현대글로비스,86280,2011-12,1.086956522
14897,현대두산인프라코어,42670,2011-12,2.564102564
14906,현대로템,64350,2013-12,0
14913,현대모비스,12330,2011-12,2.352941176
14922,현대무벡스,319400,2019-12,0
14923,현대바이오사이언스,48410,2011-12,3.658536585
14932,현대비앤지스틸,4560,2011-12,1.075268817
14941,현대약품,4310,2011-11,0
14950,현대에너지솔루션,322000,2019-12,0
14951,현대에이치티,39010,2011-12,1.111111111
14960,현대엘리베이터,17800,2011-12,3.333333333
14969,현대오토에버,307950,2019-12,0
14970,현대위아,11210,2011-12,0
14979,현대일렉트릭앤에너지시스템,267260,2017-12,0
14982,현대자동차,5380,2011-12,-1.315789474
14991,현대제철,4020,2011-12,3.409090909
15000,현대코퍼레이션,11760,2011-12,0
15009,현대코퍼레이션홀딩스,227840,2015-12,0
15014,현우산업,92300,2011-12,0
15023,호전실업,111110,2017-12,0
15026,화성밸브,39610,2011-03,0
15035,화성산업,2460,2011-12,-2.06185567
15044,화일약품,61250,2011-12,0
15053,화천기계,10660,2011-12,0
15062,화천기공,850,2011-12,-1.219512195
15071,환인제약,16580,2011-12,0
15080,효성아이티엑스,94280,2011-12,1.086956522
15089,효성오앤비,97870,2011-06,0
15098,효성중공업,298040,2018-12,0
15100,효성첨단소재,298050,2018-12,0
15102,효성티앤씨,298020,2018-12,0
15104,효성화학,298000,2018-12,0
15106,휴림네트웍스,192410,2014-12,0
15112,휴림로봇,90710,2011-12,-2.666666667
15121,휴마시스,205470,2014-12,0
15127,휴젤,145020,2015-12,0
15132,흥구석유,24060,2011-12,0
15141,흥아해운,3280,2011-12,8.24742268
