구분,년도,2011,2012,2013,2014,2015,2016,2017,2018,2019
,항목,합계_기말인원(명),합계_기말인원(명),합계_기말인원(명),합계_기말인원(명),합계_기말인원(명),합계_기말인원(명),합계_기말인원(명),합계_기말인원(명),합계_기말인원(명)
회사명,거래소코드,amount,amount,amount,amount,amount,amount,amount,amount,amount
(주)CMG제약,058820,135,134,136,164,156,160,200,222,241
(주)DB하이텍,000990,2567,2304,2142,1999,2004,2047,1940,1955,1979
(주)ES큐브,050120,237,236,100,27,39,30,35,30,30
(주)HJ중공업,097230,2785,2634,2758,2544,2632,2473,2493,2271,2016
(주)MH에탄올,023150,51,52,51,53,47,43,48,50,47
(주)SH에너지화학,002360,109,112,116,140,146,148,148,156,158
(주)SIMPAC,009160,257,275,277,305,296,306,305,500,491
(주)SNT에너지,100840,184,195,209,218,232,218,195,190,191
(주)SNT홀딩스,036530,9,9,8,8,8,8,7,10,10
(주)STX,011810,392,375,177,124,127,120,119,110,116
(주)TCC스틸,002710,315,319,311,306,281,277,283,277,275
(주)가비아,079940,191,211,228,247,262,268,275,280,277
(주)강스템바이오텍,217730,,,,,62,79,75,89,102
(주)강원랜드,035250,3145,3184,3657,3591,3620,3629,3693,5194,5147
(주)강원에너지,114190,94,101,112,147,133,126,137,119,107
(주)갤럭시아에스엠,011420,37,40,50,63,93,107,126,111,121
(주)경농,002100,308,306,311,340,346,335,338,350,362
(주)경동나비엔,009450,699,784,722,763,797,911,975,1073,1167
(주)경동도시가스,267290,,,,,,,270,277,278
(주)경동인베스트,012320,277,284,289,282,287,286,11,13,12
(주)경방,000050,593,579,676,679,615,574,503,462,259
(주)경보제약,214390,,,,,398,416,410,450,494
(주)경인양행,012610,378,367,431,440,469,486,517,619,617
(주)고려시멘트,198440,,,,,,,110,112,97
(주)고영테크놀러지,098460,162,202,224,284,307,315,340,408,473
(주)골드앤에스,035290,161,157,114,74,52,60,47,61,49
(주)골드퍼시픽,038530,59,70,56,22,45,96,30,26,56
(주)골프존,215000,,,,,266,280,244,470,398
(주)골프존뉴딘홀딩스,121440,440,563,459,417,142,164,114,57,42
(주)광림,014200,199,194,217,217,237,235,225,195,187
(주)광명전기,017040,175,179,183,193,195,201,190,192,194
(주)광무,029480,152,132,37,109,106,110,117,122,129
(주)광주신세계,037710,310,292,394,389,373,363,348,340,174
(주)구영테크,053270,191,216,266,291,286,284,303,283,248
(주)국동,005320,69,60,65,67,73,72,73,85,80
(주)국보,001140,192,176,173,170,184,142,127,123,136
(주)국보디자인,066620,266,265,285,285,302,352,387,341,331
(주)국순당,043650,410,377,365,350,336,309,256,260,248
(주)국영지앤엠,006050,105,98,102,120,105,113,111,107,115
(주)국전약품,307750,,,,,,,,1,1
(주)그래디언트,035080,59,14,18,25,19,11,12,10,32
(주)그리티,204020,,,,,,,,94,96
(주)그린플러스,186230,,,,,,,,,95
(주)글로벌스탠다드테크놀로지,083450,214,267,306,361,392,435,584,605,594
(주)금비,008870,285,261,248,239,240,247,244,240,257
(주)금양,001570,75,79,85,102,101,114,109,104,96
(주)금호에이치티,214330,,,,,555,514,472,512,525
(주)금화피에스시,036190,523,561,615,704,776,839,818,1396,876
(주)기가레인,049080,,,305,377,364,350,200,222,199
(주)기산텔레콤,035460,92,84,85,98,86,95,89,85,79
(주)까뮤이앤씨,013700,80,80,77,130,159,161,162,177,167
(주)까스텔바작,308100,,,,,,,,,59
(주)나노,187790,,,,,77,76,71,63,45
(주)나노브릭,286750,,,,,,,,,58
(주)나노신소재,121600,134,133,134,151,166,178,192,195,213
(주)나노엔텍,039860,83,88,89,94,107,141,95,98,105
(주)나무가,190510,,,,,145,138,128,107,146
(주)나스미디어,089600,,,193,212,225,273,320,319,351
(주)나이벡,138610,29,31,45,44,50,57,55,58,71
(주)나이스디앤비,130580,97,103,98,111,114,154,204,262,294
(주)나이스홀딩스,034310,38,41,39,39,45,33,35,37,48
(주)나인테크,267320,,,,,,,4,4,4
(주)남선알미늄,008350,670,655,646,643,586,601,583,632,619
(주)남성,004270,59,68,67,58,57,62,61,57,54
(주)내츄럴엔도텍,168330,,,47,79,62,69,64,68,75
(주)네오리진,094860,70,140,130,127,60,55,49,43,43
(주)네오셈,253590,,,,,,,,1,81
(주)네오오토,212560,,,,,98,95,106,104,109
(주)네오위즈,095660,1204,900,610,506,416,403,296,353,488
(주)네오위즈홀딩스,042420,10,25,3,2,4,4,3,4,5
(주)네오크레마,311390,,,,,,,,,58
(주)네오티스,085910,199,233,203,220,207,221,218,219,208
(주)네오팜,092730,66,78,76,79,87,91,104,117,128
(주)네오펙트,290660,,,,,,,,64,105
(주)네온테크,306620,,,,,,,,,
(주)네이블커뮤니케이션즈,153460,,190,186,168,167,172,176,152,115
(주)네이처셀,007390,70,69,67,86,100,98,134,70,96
(주)네패스,033640,427,562,604,558,588,634,679,683,717
(주)넥센,005720,733,834,887,896,862,834,944,947,934
(주)넥스턴바이오사이언스,089140,51,53,61,60,55,63,70,69,69
(주)넥스트아이,137940,62,74,82,95,93,115,116,122,124
(주)넥스트엔터테인먼트월드,160550,,,,30,41,55,95,91,72
(주)넥슨게임즈,225570,,,,,,,329,407,488
(주)넵튠,217270,,,,,1,80,107,92,35
(주)노랑풍선,104620,,,,,,,,,553
(주)노루페인트,090350,613,648,659,700,741,796,787,793,737
(주)노루홀딩스,000320,77,77,78,88,103,47,65,56,55
(주)노바렉스,194700,,,,,,,,227,271
(주)노바텍,285490,,,,,,,,29,35
(주)노블엠앤비,106520,,260,332,318,306,446,193,192,129
(주)노터스,278650,,,,,,,,,103
(주)녹십자,006280,1335,1457,1546,1731,1766,1973,1994,2034,2040
(주)녹십자엠에스,142280,,,,166,175,170,183,189,165
(주)녹십자웰빙,234690,,,,,,,,,204
(주)녹십자홀딩스,005250,90,108,112,113,170,184,184,202,195
(주)녹원씨엔아이,065560,166,142,66,33,35,26,17,107,86
(주)농심,004370,4556,4626,4657,4608,4916,4966,5004,5053,5183
(주)농심홀딩스,072710,5,5,5,6,6,6,5,6,5
(주)누리플랜,069140,120,102,107,81,77,75,82,82,84
(주)누리플렉스,040160,118,99,88,92,103,175,142,164,152
(주)누보,332290,,,,,,,,,1
(주)뉴로스,126870,,113,112,116,131,139,155,136,147
(주)뉴보텍,060260,90,87,92,98,97,104,124,109,141
(주)뉴인텍,012340,156,150,150,154,151,143,146,146,142
(주)뉴트리,270870,,,,,,,,59,62
(주)뉴파워프라즈마,144960,,,,,,308,358,288,293
(주)뉴프렉스,085670,324,348,394,470,482,396,443,497,375
(주)다나와,119860,208,217,195,214,240,253,266,262,282
(주)다날,064260,135,95,111,118,145,152,160,174,200
(주)다보링크,340360,,,,,,,,,
(주)다산네트웍스,039560,386,384,405,447,116,101,52,44,49
(주)다우기술,023590,411,474,545,592,540,464,469,503,492
(주)다우데이타,032190,117,73,123,129,123,126,139,166,166
(주)다원시스,068240,155,159,170,177,261,278,347,422,510
(주)다이나믹디자인,145210,,,,,150,134,526,536,445
(주)대교,019680,3171,2668,2592,2560,2470,2469,2534,2582,2451
(주)대구백화점,006370,418,422,428,441,437,433,378,264,217
(주)대덕,008060,656,664,688,1180,1065,1125,1130,2348,2411
(주)대동,000490,800,807,801,817,831,790,802,855,923
(주)대동스틸,048470,54,54,52,53,50,51,51,52,44
(주)대륙제관,004780,307,352,369,399,412,447,454,445,429
(주)대림제지,017650,74,73,74,73,70,70,119,129,141
(주)대명소노시즌,007720,97,86,66,74,275,287,281,303,265
(주)대성미생물연구소,036480,130,132,137,142,142,141,141,136,134
(주)대성엘텍,025440,497,471,516,575,610,603,607,582,573
(주)대성파인텍,104040,95,104,106,150,151,163,148,145,123
(주)대양금속,009190,183,157,173,190,206,204,207,200,207
(주)대우건설,047040,4789,5192,6382,5543,5597,6072,5804,5357,5385
(주)대웅,003090,267,264,274,274,278,281,288,301,287
(주)대웅제약,069620,1389,1309,1317,1387,1378,1524,1463,1395,1464
(주)대원,007680,,,,,,,179,188,195
(주)대유,290380,,,,,,,,116,134
(주)대유에이텍,002880,283,335,382,386,301,299,288,291,327
(주)대유에이피,290120,,,,,,,,284,223
(주)대유플러스,000300,389,449,503,159,174,50,52,118,129
(주)대창,012800,312,362,334,407,391,360,363,388,396
(주)대창솔루션,096350,160,160,161,165,155,142,126,148,159
(주)대창스틸,140520,,,,104,145,124,97,106,89
(주)대한과학,131220,147,158,170,170,156,126,112,122,127
(주)대한항공,003490,18191,18374,18347,18224,18481,18620,18330,18770,19063
(주)대현,016090,406,454,477,501,501,502,502,497,461
(주)대호에이엘,069460,170,176,175,173,169,168,172,168,160
(주)대호특수강,021040,181,269,288,247,244,242,244,245,250
(주)더 미동,161570,,,24,33,37,28,14,12,11
(주)더블유게임즈,192080,,,,,,,,,248
(주)더블유아이,073570,31,60,61,168,104,79,18,11,49
(주)더블유에스아이,299170,,,,,,,,2,2
(주)더존비즈온,012510,608,592,627,1017,1001,1042,1243,1363,1436
(주)덕산테코피아,317330,,,,,,,,,155
(주)덕성,004830,162,173,180,185,171,181,189,174,196
(주)덕신하우징,090410,,,,247,326,343,293,293,236
(주)데이타솔루션,263800,,,,,,,226,223,195
(주)덱스터스튜디오,206560,,,,,263,358,366,321,300
(주)덴티스,261200,,,,,,,1,1,1
(주)덴티움,145720,,,,,,,383,457,598
(주)도화엔지니어링,002150,2006,1994,1939,1875,1857,1900,1960,2079,2179
(주)동구바이오제약,006620,,,,,,,,276,295
(주)동국알앤에스,075970,93,79,80,93,66,59,62,63,64
(주)동국에스엔씨,100130,95,91,110,113,110,106,116,99,104
(주)동남합성,023450,67,67,62,73,84,137,151,153,145
(주)동방,004140,895,931,892,864,832,799,809,754,743
(주)동방선기,099410,120,111,117,109,121,121,100,110,126
(주)동방아그로,007590,234,239,241,242,240,232,229,232,224
(주)동서,026960,,,,,,255,255,274,282
(주)동성케미컬,102260,23,27,36,41,272,292,362,352,365
(주)동성화인텍,033500,329,385,534,523,509,482,393,364,449
(주)동아엘텍,088130,72,78,85,95,100,103,114,132,129
(주)동아지질,028100,395,374,396,381,364,364,350,351,361
(주)동양,001520,1219,1107,478,377,398,440,479,417,451
(주)동양고속,084670,724,722,730,736,763,773,760,778,791
(주)동양에스텍,060380,70,65,61,63,67,68,76,86,92
(주)동우팜투테이블,088910,311,355,301,387,420,455,499,597,625
(주)동운아나텍,094170,,,,,116,130,130,116,125
(주)동원개발,013120,138,120,105,98,128,143,188,199,197
(주)동원에프앤비,049770,1902,1881,1864,2333,2315,2499,3284,3262,3271
(주)동일기연,032960,152,152,134,142,142,147,161,144,140
(주)동진쎄미켐,005290,801,878,905,1008,1006,1048,1032,1151,1179
(주)두산,000150,3078,3363,4038,3940,3930,4165,3600,3884,3290
(주)두산테스나,131970,,,312,263,220,208,235,265,275
(주)두올,016740,,,,,,595,557,564,561
(주)듀오백,073190,151,161,152,160,160,209,168,134,127
(주)드래곤플라이,030350,285,282,247,166,151,183,128,92,36
(주)드림시큐리티,203650,,,,,,,158,181,179
(주)드림어스컴퍼니,060570,126,130,80,88,161,158,181,187,282
(주)드림텍,192650,,,,,,,,,622
(주)디딤,217620,,,,,1,1,556,658,821
(주)디모아,016670,30,59,122,123,139,106,97,116,112
(주)디바이스이엔지,187870,,,,,,,174,170,151
(주)디비아이엔씨,012030,1103,1055,937,819,387,359,368,359,386
(주)디스플레이테크,066670,303,227,312,221,48,47,39,34,36
(주)디아이,003160,104,86,85,94,115,123,136,169,193
(주)디아이씨,092200,961,933,876,888,870,859,829,763,755
(주)디아크,078590,114,106,106,119,107,105,109,111,103
(주)디알비동일,004840,911,284,306,324,341,360,359,349,344
(주)디알젬,263690,,,,,,,,204,208
(주)디알텍,214680,,,,,1,147,177,192,219
(주)디앤씨미디어,263720,,,,,,,44,47,53
(주)디에스앤엘,141020,,,73,60,53,45,39,42,6
(주)디에스케이,109740,83,70,75,83,87,89,113,123,128
(주)디에이테크놀로지,196490,,,,94,125,141,155,193,228
(주)디에이피,066900,922,1071,1228,1021,1088,1058,1116,1130,1044
(주)디엔에이링크,127120,37,46,56,54,62,69,57,65,69
(주)디엔에프,092070,145,162,169,184,213,212,219,224,227
(주)디엔오토모티브,007340,884,968,1092,1149,865,875,203,231,223
(주)디엠에스,068790,528,306,240,213,198,180,207,209,197
(주)디오,039840,267,270,313,228,232,293,382,406,471
(주)디와이디,219550,,,,,2,2,95,95,107
(주)디이엔티,079810,127,128,109,109,153,207,289,227,138
(주)디지아이,043360,81,86,81,79,74,74,82,81,73
(주)디지캡,197140,,,,,,,,103,103
(주)디지털대성,068930,228,224,234,225,223,213,221,231,251
(주)디지틀조선일보,033130,235,241,238,229,230,242,235,198,187
(주)디케이앤디,263020,,,,,,,,83,81
(주)디케이티,290550,,,,,,,,45,51
(주)디티앤씨,187220,,,,159,184,228,255,274,269
(주)딜리,131180,81,80,90,87,89,101,110,105,103
(주)라닉스,317120,,,,,,,,,50
(주)라온테크,232680,,,,,43,63,71,78,77
(주)라이온켐텍,171120,,,143,165,183,202,222,244,272
(주)라이트론,069540,109,120,135,148,134,168,151,158,174
(주)라파스,214260,,,,,,,,,143
(주)락앤락,115390,958,604,673,410,385,423,403,488,589
(주)랩지노믹스,084650,,,,204,225,229,234,233,218
(주)러셀,217500,,,,,2,2,2,49,50
(주)레고켐바이오사이언스,141080,,,44,46,69,80,87,87,98
(주)레드로버,060300,81,81,103,91,96,147,117,82,36
(주)레드캡투어,038390,371,403,447,468,464,470,502,460,446
(주)레이,228670,,,,,,,,,167
(주)레이언스,228850,,,,,,219,221,206,223
(주)레이크머티리얼즈,281740,,,,,,,,,
(주)로보로보,215100,,,,,2,2,43,44,47
(주)로보스타,090360,245,250,242,241,268,262,288,285,266
(주)로보티즈,108490,,,,,,,,120,121
(주)로지시스,067730,,,,,437,433,445,465,461
(주)루멘스,038060,211,,264,279,262,257,229,197,156
(주)루트로닉,085370,181,185,198,215,226,269,294,331,300
(주)룽투코리아,060240,94,73,50,56,66,81,48,51,51
(주)리노스,039980,275,193,162,218,226,258,279,306,312
(주)리더스코스메틱,016100,97,161,237,294,280,157,166,201,197
(주)리드,197210,,,,,59,81,21,46,26
(주)리드코프,012700,290,299,326,344,341,360,398,409,404
(주)리메드,302550,,,,,,,,,68
(주)링네트,042500,158,172,197,228,252,280,303,282,276
(주)링크제니시스,219420,,,,,,,,130,117
(주)마니커,027740,,511,533,414,493,550,629,604,585
(주)마니커에프앤지,195500,,,,,,,,,169
(주)마이크로디지탈,305090,,,,,,,,,59
(주)마이크로컨텍솔루션,098120,64,74,80,93,121,112,117,133,128
(주)마이크로프랜드,147760,,,,,,157,178,170,163
(주)마크로젠,038290,188,205,232,264,310,334,365,431,488
(주)만도,204320,,,,4306,4307,4183,4295,4402,4307
(주)매직마이크로,127160,,,,,206,156,93,127,77
(주)매커스,093520,32,31,30,34,35,35,36,41,42
(주)머큐리,100590,,,,,,,,193,190
(주)멀티캠퍼스,067280,216,284,381,503,632,702,711,785,860
(주)메드팩토,235980,,,,,,,,,36
(주)메디아나,041920,,,,180,190,242,245,172,156
(주)메디콕스,054180,29,25,25,25,30,31,56,84,75
(주)메디톡스,086900,98,122,139,194,280,354,459,529,600
(주)메디프론디비티,065650,26,25,25,24,20,20,23,23,22
(주)메지온,140410,,14,15,19,24,24,53,53,65
(주)메카로,241770,,,,,,,216,234,229
(주)메타랩스,090370,608,535,550,528,466,321,153,41,57
(주)메타바이오메드,059210,136,149,161,181,198,191,212,233,242
(주)멕아이씨에스,058110,,,,,62,54,61,58,54
(주)멜파스,096640,312,309,303,221,183,183,125,61,53
(주)모나리자,012690,162,176,175,174,173,175,177,177,185
(주)모나미,005360,182,167,136,131,141,168,183,188,189
(주)모다이노칩,080420,255,342,406,466,477,620,649,689,630
(주)모두투어네트워크,080160,941,930,985,1055,1184,1221,1251,1237,1158
(주)모바일리더,100030,131,132,135,99,78,72,74,79,66
(주)모베이스,101330,241,223,241,171,230,112,136,114,44
(주)모베이스전자,012860,1047,1055,1157,1215,1208,1354,1370,1312,1202
(주)모비스,250060,,,,,,19,24,24,28
(주)모아텍,033200,125,127,132,119,101,99,,105,94
(주)모토닉,009680,274,267,292,442,411,331,286,285,278
(주)모헨즈,006920,68,70,70,74,74,81,75,74,71
(주)무학,033920,520,343,358,464,534,740,649,633,630
(주)미래생명자원,218150,,,,,2,2,37,33,37
(주)미래아이앤지,007120,81,108,81,55,51,48,38,44,31
(주)미래컴퍼니,049950,192,256,252,232,245,254,288,318,329
(주)미코,059090,685,705,239,203,231,263,328,357,414
(주)미투온,201490,,,,,,58,64,63,51
(주)바른손,018700,804,776,729,544,248,196,37,71,182
(주)바른손이앤에이,035620,192,161,146,178,40,25,29,34,45
(주)바른전자,064520,227,262,261,235,399,362,350,349,152
(주)바이넥스,053030,292,319,301,318,347,390,398,443,488
(주)바이오니아,064550,305,279,284,285,275,336,356,380,377
(주)바이오로그디바이스,208710,,,,3,34,39,45,49,49
(주)바이오솔루션,086820,,,,,,,,61,70
(주)바이오스마트,038460,150,149,138,141,139,149,158,165,167
(주)바이오톡스텍,086040,170,177,167,174,176,179,192,191,208
(주)바텍,043150,195,263,518,512,553,573,254,342,390
(주)방림,003610,271,294,294,294,290,287,265,255,244
(주)배럴,267790,,,,,,,,110,108
(주)백금티앤에이,046310,62,58,59,48,46,42,44,58,58
(주)백산,035150,318,281,283,242,244,258,263,233,258
(주)버킷스튜디오,066410,79,51,54,46,44,44,39,30,33
(주)베노홀딩스,206400,,,,,41,55,87,30,14
(주)베셀,177350,,,,,164,163,197,146,97
(주)베스파,299910,,,,,,,,191,318
(주)벽산,007210,302,284,320,323,340,330,331,346,335
(주)보광산업,225530,,,,,67,75,80,110,115
(주)보라티알,250000,,,,,,,89,81,92
(주)보락,002760,119,128,127,125,118,124,129,132,132
(주)보령,003850,1041,1015,1045,1044,1068,1143,1103,1249,1369
(주)본느,226340,,,,,2,2,2,34,41
(주)부-스타,008470,393,378,380,194,196,193,219,429,386
(주)부방,014470,521,519,630,645,41,49,48,33,27
(주)뷰웍스,100120,88,112,129,207,206,239,268,278,290
(주)브리지텍,064480,140,150,157,166,174,171,169,179,189
(주)브이원텍,251630,,,,,,,58,66,73
(주)브이티지엠피,018290,231,206,218,228,191,198,177,199,277
(주)블루베리엔에프티,044480,163,145,156,125,127,115,97,89,72
(주)블루콤,033560,106,95,98,120,150,181,182,136,103
(주)비덴트,121800,,100,150,158,144,118,105,90,97
(주)비보존헬스케어,082800,205,200,248,194,156,109,87,84,41
(주)비비안,002070,761,789,805,786,631,447,393,236,205
(주)비상교육,100220,520,471,546,512,520,603,621,587,622
(주)비씨월드제약,200780,,,,227,274,281,274,278,276
(주)비아트론,141000,,122,122,118,129,149,150,138,127
(주)비에이치,090460,395,550,732,833,739,1107,1426,1452,1435
(주)비엔지티,032790,171,55,63,33,35,53,36,40,38
(주)비엘,142760,,,,,,46,47,52,58
(주)비엘팜텍,065170,8,11,20,24,42,43,36,33,29
(주)비엠티,086670,157,186,231,250,246,241,271,269,271
(주)비올,335890,,,,,,,,,2
(주)비와이씨,001460,464,509,718,758,791,754,748,662,662
(주)비즈니스온커뮤니케이션,138580,,,,,,,69,69,72
(주)비지에프,027410,,,,1748,1778,1876,125,125,113
(주)비지에프리테일,282330,,,,,,,2737,2753,2641
(주)비츠로셀,082920,254,229,247,290,323,377,372,355,375
(주)비츠로시스,054220,230,207,216,212,245,204,205,169,62
(주)비츠로테크,042370,205,214,242,314,372,382,806,811,952
(주)비케이홀딩스,050090,203,181,179,111,55,53,55,51,46
(주)비투엔,307870,,,,,,,,,
(주)비트컴퓨터,032850,143,145,154,144,125,131,129,130,135
(주)비피도,238200,,,,,,,,71,80
(주)빅솔론,093190,77,79,78,82,85,86,87,102,109
(주)빅텍,065450,188,162,155,157,161,171,184,186,187
(주)빙그레,005180,1568,1548,1554,1582,1609,1578,1560,1677,1710
(주)사람인에이치알,143240,,490,507,401,422,349,382,405,384
(주)사조대림,003960,626,629,614,626,613,597,568,555,882
(주)사조오양,006090,206,174,171,117,575,730,744,776,855
(주)삼기,122350,5,252,263,440,497,535,542,479,493
(주)삼보판지,023600,214,218,243,236,233,226,219,229,270
(주)삼성출판사,068290,156,175,137,140,145,160,227,298,333
(주)삼양사,145990,891,829,936,923,885,1188,1270,1360,1359
(주)삼양옵틱스,225190,,,,,,,139,151,152
(주)삼양패키징,272550,,,,,,,418,442,476
(주)삼양홀딩스,000070,170,162,157,154,147,145,120,126,138
(주)삼에스코리아,060310,67,78,96,89,73,59,61,67,68
(주)삼원강재,023000,259,271,273,268,274,276,270,270,269
(주)삼익악기,002450,79,79,73,68,111,112,112,77,66
(주)삼일,032280,112,132,137,137,131,119,117,112,88
(주)삼일기업공사,002290,57,58,58,56,45,42,59,57,62
(주)삼일씨엔에스,004440,,,,,,300,266,247,227
(주)삼진,032750,144,158,151,145,124,86,73,68,73
(주)삼진엘앤디,054090,208,203,203,187,182,270,123,107,110
(주)삼천리,004690,783,788,785,787,761,757,755,799,814
(주)삼표시멘트,038500,826,849,797,771,787,805,917,810,739
(주)삼화네트웍스,046390,24,24,30,30,32,31,37,40,34
(주)상보,027580,300,321,395,425,351,303,217,169,163
(주)상상인,038540,112,128,142,164,191,220,224,237,216
(주)상상인인더스트리,101000,128,111,146,216,194,135,125,87,57
(주)상아프론테크,089980,314,358,394,429,430,552,568,571,541
(주)상지카일룸,042940,50,44,32,33,31,30,60,50,50
(주)새로닉스,042600,871,908,124,113,1000,105,96,189,166
(주)서린바이오사이언스,038070,86,87,94,91,91,94,92,92,90
(주)서부티엔디,006730,89,109,93,108,117,128,508,580,622
(주)서산,079650,135,159,147,148,158,117,114,102,86
(주)서연,007860,906,920,967,11,16,18,19,26,24
(주)서연이화,200880,,,,970,1037,1027,1020,952,959
(주)서연탑메탈,019770,218,223,234,240,252,253,249,244,231
(주)서울리거,043710,22,49,72,35,41,88,48,28,19
(주)서울옥션,063170,49,47,40,50,62,58,133,170,162
(주)서울제약,018680,186,217,234,224,215,200,209,197,174
(주)서원,021050,176,190,174,191,143,155,140,144,141
(주)서원인텍,093920,588,545,548,547,520,533,468,387,399
(주)서전기전,189860,,,,87,95,89,92,112,146
(주)서진시스템,178320,,,,,,,181,176,234
(주)서진오토모티브,122690,,378,280,296,296,289,308,275,276
(주)서플러스글로벌,140070,,,,,,,53,53,51
(주)서한,011370,141,157,168,228,230,234,253,304,342
(주)서흥,008490,598,1348,690,692,727,766,734,818,840
(주)서희건설,035890,1192,1104,966,962,1000,983,951,1040,1004
(주)선광,003100,359,351,359,364,262,255,260,214,233
(주)선앤엘,002820,488,492,521,522,528,575,577,490,354
(주)선익시스템,171090,,,,,,,190,216,173
(주)선진,136490,254,272,307,307,299,305,335,350,366
(주)성광벤드,014620,351,355,368,371,368,360,344,344,338
(주)성도이엔지,037350,169,196,234,226,218,240,276,314,330
(주)성안,011300,192,185,180,178,154,146,98,68,62
(주)성우하이텍,015750,1167,1226,1246,1436,1465,1631,1643,1577,1653
(주)성창오토텍,080470,137,174,337,304,325,325,294,257,241
(주)세경하이테크,148150,,,,,,,,,186
(주)세동,053060,302,313,328,328,340,348,348,358,324
(주)세림비앤지,340440,,,,,,,,,1
(주)세보엠이씨,011560,271,279,293,320,323,359,421,436,458
(주)세아베스틸지주,001430,1478,1531,1500,1541,1523,1488,1502,1527,1559
(주)세아제강,306200,,,,,,,,706,674
(주)세아제강지주,003030,853,879,956,912,856,863,733,19,23
(주)세아특수강,019440,293,298,302,311,306,303,302,291,287
(주)세아홀딩스,058650,33,40,50,47,46,53,49,61,64
(주)세우글로벌,013000,27,25,28,30,28,30,25,27,30
(주)세운메디칼,100700,215,212,209,216,210,213,213,202,221
(주)세원물산,024830,391,436,446,423,377,374,443,485,483
(주)세원정공,021820,258,289,300,286,295,296,284,230,228
(주)세이브존아이앤씨,067830,234,245,227,213,218,195,196,191,205
(주)세종메디칼,258830,,,,,,,,119,130
(주)세중,039310,383,376,348,341,346,357,245,230,127
(주)세진중공업,075580,,,,,407,323,315,296,314
(주)세진티에스,067770,105,82,80,74,67,57,49,42,44
(주)세코닉스,053450,393,562,871,862,959,1055,1073,1032,1246
(주)세토피아,222810,,,,,4,94,121,121,45
(주)세화피앤씨,252500,,,,,,2,88,89,82
(주)센트랄모텍,308170,,,,,,,,,133
(주)센트럴인사이트,012600,195,112,114,140,113,96,88,62,61
(주)셀루메드,049180,76,106,106,77,74,90,61,63,65
(주)셀리드,299660,,,,,,,,,32
(주)셀리버리,268600,,,,,,,,71,89
(주)셀바스에이아이,108860,128,155,149,147,137,129,142,173,138
(주)셀바스헬스케어,208370,,,,1,,164,154,148,110
(주)셀트리온,068270,,,,,,,,1777,2111
(주)셀트리온제약,068760,205,325,325,348,419,517,593,650,668
(주)셀트리온헬스케어,091990,,,,,,,137,130,116
(주)셀피글로벌,068940,116,151,110,109,105,100,95,92,91
(주)소프트센,032680,15,17,93,189,221,226,178,160,82
(주)손오공,066910,136,118,110,85,88,119,112,95,94
(주)솔고바이오메디칼,043100,176,175,189,181,142,147,158,142,123
(주)솔루에타,154040,,,217,230,211,107,167,171,155
(주)솔본,035610,11,15,16,14,12,11,9,11,14
(주)쇼박스,086980,44,43,40,46,53,55,54,46,54
(주)수산아이앤티,050960,,,,,,112,95,102,84
(주)수산중공업,017550,184,198,227,226,209,221,217,200,142
(주)수젠텍,253840,,,,,,,,,95
(주)슈프리마,236200,,,,,,115,129,145,151
(주)슈프리마아이디,317770,,,,,,,,,31
(주)슈프리마에이치큐,094840,66,73,100,151,192,70,50,31,30
(주)슈피겐코리아,192440,,,,100,133,173,202,247,345
(주)스마트솔루션즈,136510,56,57,66,56,59,51,88,108,90
(주)스맥,099440,204,216,221,219,205,189,210,218,199
(주)스카이문스테크놀로지,033790,52,44,37,35,34,36,39,41,43
(주)스킨앤스킨,159910,,64,81,98,88,87,85,61,77
(주)스타플렉스,115570,219,237,244,255,244,226,216,209,191
(주)스튜디오산타클로스엔터테인먼트,204630,,,,3,26,45,42,46,64
(주)스페코,013810,100,96,94,100,109,108,105,70,65
(주)승일,049830,371,292,314,316,319,356,358,355,362
(주)시공테크,020710,185,173,155,130,131,176,179,196,187
(주)시너지이노베이션,048870,150,154,114,88,21,26,57,66,63
(주)시노펙스,025320,402,544,579,212,141,120,90,85,96
(주)시디즈,134790,162,87,15,16,6,7,6,114,141
(주)시스웍,269620,,,,,,,23,24,27
(주)시큐브,131090,64,77,88,94,96,98,105,83,78
(주)시티랩스,139050,193,208,205,153,166,128,99,125,113
(주)신도리코,029530,833,844,860,840,821,815,787,735,722
(주)신성이엔지,011930,411,360,208,281,270,807,926,515,532
(주)신세계,004170,2926,2950,3395,3475,3439,3368,3157,2730,2763
(주)신세계아이앤씨,035510,574,579,526,520,552,565,621,729,867
(주)신세계인터내셔날,031430,829,841,981,1004,967,1083,1183,1341,1429
(주)신세계푸드,031440,1152,1013,1673,3363,4013,4749,4727,4839,4747
(주)신영와코루,005800,1030,990,930,918,812,773,742,643,484
(주)신원,009270,581,563,571,594,629,643,614,622,639
(주)신진에스엠,138070,119,165,182,183,198,174,184,182,170
(주)신테카바이오,226330,,,,,,,,,44
(주)신화다이나믹스,001770,85,85,85,84,85,83,83,77,84
(주)신화콘텍,187270,,,,133,111,94,82,90,118
(주)신흥,004080,381,350,334,325,321,327,319,308,283
(주)심텍,222800,,,,,2302,2229,2371,2338,2560
(주)심텍홀딩스,036710,1720,1862,1974,2117,14,10,11,18,17
(주)싸이맥스,160980,,,,,101,130,160,190,189
(주)싸이토젠,217330,,,,,,,,27,38
(주)쌍방울,102280,429,452,404,415,398,359,244,195,201
(주)썸에이지,208640,,,,1,1,117,152,149,26
(주)쎄노텍,222420,,,,,,81,78,100,108
(주)쎄니트,037760,54,95,101,176,221,245,305,306,300
(주)쎄트렉아이,099320,141,162,169,172,168,196,229,230,244
(주)쎌마테라퓨틱스,015540,15,8,10,9,18,8,65,58,36
(주)쎌바이오텍,049960,74,80,88,101,115,123,135,138,140
(주)쏠리드,050890,154,158,166,201,199,204,201,212,235
(주)씨씨에스충북방송,066790,47,35,36,35,35,40,37,35,36
(주)씨아이테크,004920,9,12,16,17,38,43,53,64,64
(주)씨에스,065770,124,120,49,71,90,77,79,66,59
(주)씨에스에이코스믹,083660,108,91,74,65,73,199,160,184,152
(주)씨엔플러스,115530,174,193,197,155,132,123,83,73,40
(주)씨유메디칼시스템,115480,123,150,142,124,113,218,118,108,101
(주)씨제이이엔엠,035760,796,851,869,927,986,942,1017,3475,3680
(주)씨젠,096530,132,182,178,201,215,235,303,322,314
(주)씨티씨바이오,060590,145,176,183,251,258,268,261,273,196
(주)씨티케이,260930,,,,,,,101,145,117
(주)아가방앤컴퍼니,013990,261,249,244,226,208,236,198,183,188
(주)아나패스,123860,58,66,85,102,111,111,111,122,122
(주)아난티,025980,187,180,186,184,247,312,251,295,402
(주)아리온테크놀로지,058220,56,65,69,77,84,70,77,51,56
(주)아모그린텍,125210,,,,,,,,,332
(주)아모레퍼시픽,090430,4443,4724,4737,4936,5811,6267,6202,6166,6023
(주)아모레퍼시픽그룹,002790,28,55,107,103,135,169,147,122,114
(주)아모텍,052710,773,1037,1120,1022,1033,914,918,878,891
(주)아미노로직스,074430,29,60,26,29,27,27,27,30,27
(주)아바코,083930,295,284,278,280,285,366,368,366,345
(주)아바텍,149950,,523,552,480,360,461,533,514,515
(주)아세아텍,050860,231,235,236,252,257,252,251,246,247
(주)아센디오,012170,16,25,13,14,12,39,64,77,60
(주)아스타,246720,,,,,,,24,23,26
(주)아스트,067390,,,,392,375,270,241,269,274
(주)아시아경제,127710,,,,,224,225,276,281,287
(주)아우딘퓨쳐스,227610,,,,,,,107,157,160
(주)아이디스,143160,265,284,303,361,388,374,365,364,374
(주)아이디스홀딩스,054800,8,11,13,11,17,13,12,12,13
(주)아이마켓코리아,122900,391,430,488,493,524,495,458,443,442
(주)아이비김영,339950,,,,,,,,,
(주)아이센스,099190,,,451,461,514,622,666,668,676
(주)아이스크림에듀,289010,,,,,,,,,477
(주)아이씨디,040910,180,195,215,183,182,320,341,292,270
(주)아이앤씨테크놀로지,052860,85,82,130,112,97,81,91,104,111
(주)아이에스시,095340,185,298,297,451,382,495,624,761,839
(주)아이에스이커머스,069920,183,131,109,75,79,74,85,63,65
(주)아이에이,038880,166,123,114,101,84,77,77,71,60
(주)아이에이치큐,003560,93,95,71,79,235,237,222,233,249
(주)아이엘사이언스,307180,,,,,,,,,51
(주)아이엠,101390,101,110,123,135,136,135,131,106,87
(주)아이엠비씨,052220,101,103,111,111,120,125,120,100,99
(주)아이오케이컴퍼니,078860,64,65,70,69,70,71,81,48,37
(주)아이윈,090150,199,218,238,220,198,189,180,143,64
(주)아이윈플러스,123010,,,,,,140,166,78,72
(주)아이즈비전,031310,39,43,46,56,60,50,53,48,46
(주)아이컴포넌트,059100,130,115,116,95,111,120,98,81,81
(주)아이톡시,052770,166,152,172,226,199,265,266,51,18
(주)아이티센,124500,,,,,403,648,475,506,544
(주)아이티엑스에이아이,099520,172,177,211,218,155,113,106,121,121
(주)아이티엠반도체,084850,,,,,,,,,255
(주)아즈텍더블유비이,032080,139,126,128,130,133,129,122,113,113
(주)아진엑스텍,059120,,,,84,81,77,81,81,83
(주)아톤,158430,,,,,,,,,92
(주)아프리카티비,067160,211,283,277,291,386,437,470,443,518
(주)안랩,053800,686,859,865,876,926,1002,1056,1133,1187
(주)안트로젠,065660,,,,,,31,38,42,50
(주)알로이스,297570,,,,,,,,2,28
(주)알루코,001780,343,290,263,257,316,271,299,285,280
(주)알에프세미,096610,264,225,404,385,381,413,411,425,375
(주)알에프텍,061040,246,326,324,295,274,257,242,228,275
(주)알엔투테크놀로지,148250,,,,,,99,128,157,179
(주)알테오젠,196170,,,,29,39,47,52,57,67
(주)알톤스포츠,123750,100,113,111,119,148,134,123,119,83
(주)알티캐스트,085810,,,319,317,328,335,292,330,166
(주)알파홀딩스,117670,71,70,90,98,122,99,105,122,96
(주)애니플러스,310200,,,,,,,,,32
(주)애드바이오텍,179530,,,,,,,,,56
(주)액션스퀘어,205500,,,,1,107,183,207,210,33
(주)액토즈소프트,052790,112,126,159,169,35,35,97,123,141
(주)액트로,290740,,,,,,,,47,59
(주)앤디포스,238090,,,,,,92,98,94,105
(주)앤씨앤,092600,139,129,121,100,109,120,127,129,78
(주)야스,255440,,,,,,,213,250,259
(주)양지사,030960,337,358,318,334,352,327,312,287,281
(주)어스앤에어로스페이스,263540,,,,,,,229,244,237
(주)얼라인드제네틱스,238120,,,,,,57,52,44,42
(주)에너토크,019990,90,106,108,113,107,101,98,98,94
(주)에넥스,011090,425,336,362,397,451,474,426,392,304
(주)에스디생명공학,217480,,,,,,,114,166,208
(주)에스디시스템,121890,125,120,143,108,142,182,176,114,135
(주)에스비에스,034120,961,856,902,929,1141,1166,1165,1172,1077
(주)에스비에스콘텐츠허브,046140,128,153,152,152,157,168,37,33,64
(주)에스씨디,042110,384,307,329,393,387,380,355,341,220
(주)에스아이리소스,065420,56,52,54,52,5,3,7,6,10
(주)에스앤더블류,103230,244,216,196,196,187,170,147,137,149
(주)에스앤에스텍,101490,126,137,161,154,178,166,176,187,206
(주)에스에너지,095910,178,194,203,194,203,167,167,180,167
(주)에스에스알,275630,,,,,,,,101,107
(주)에스에이엠티,031330,115,100,94,87,83,83,91,88,91
(주)에스에이티,060540,32,28,82,72,93,88,99,94,92
(주)에스에프에이,056190,798,734,694,617,576,633,664,674,679
(주)에스에프에이반도체,036540,1382,1305,1139,1069,946,712,638,641,687
(주)에스엘바이오닉스,214310,,,,,192,274,298,247,159
(주)에스엠라이프디자인그룹,063440,73,76,61,60,55,81,68,66,39
(주)에스엠벡셀,010580,246,199,198,179,129,124,117,119,122
(주)에스엠엔터테인먼트,041510,193,256,258,301,321,396,391,457,486
(주)에스엠컬처앤콘텐츠,048550,179,201,264,285,273,232,234,510,526
(주)에스엠코어,007820,180,204,214,211,195,175,206,299,315
(주)에스원,012750,4902,5152,5200,6175,6126,6115,6142,6629,6748
(주)에스제이그룹,306040,,,,,,,,,109
(주)에스제이엠,123700,355,357,362,365,358,348,359,341,337
(주)에스제이엠홀딩스,025530,2,2,4,3,2,5,6,5,5
(주)에스지글로벌,001380,230,238,252,247,111,112,141,89,88
(주)에스지세계물산,004060,234,235,239,249,235,262,248,276,249
(주)에스지엔지,040610,47,51,90,78,84,80,80,80,79
(주)에스코넥,096630,101,115,135,131,137,147,143,136,104
(주)에스텍파마,041910,130,133,148,153,151,169,165,159,156
(주)에스티아이,039440,209,206,225,242,260,275,285,269,272
(주)에스티오,098660,107,112,113,120,132,125,121,108,101
(주)에스티큐브,052020,45,43,49,39,13,10,13,13,10
(주)에스폴리텍,050760,121,131,148,149,166,164,156,167,177
(주)에스피시스템스,317830,,,,,,,,,63
(주)에스피씨삼립,005610,863,940,1019,1419,1385,1393,1765,2889,3170
(주)에스피지,058610,256,233,272,320,290,412,400,385,370
(주)에쎈테크,043340,229,263,303,307,264,271,251,218,211
(주)에이디칩스,054630,55,54,62,55,46,102,98,118,134
(주)에이디테크놀로지,200710,,,,71,71,75,73,78,75
(주)에이루트,096690,115,122,130,127,131,138,150,129,95
(주)에이블씨엔씨,078520,211,247,265,288,286,343,348,362,377
(주)에이비프로바이오,195990,,,,,73,101,89,78,68
(주)에이스침대,003800,546,526,530,554,572,580,597,602,623
(주)에이스테크놀로지,088800,222,253,295,363,387,438,356,401,362
(주)에이스토리,241840,,,,,,,,,25
(주)에이엔피,015260,349,348,341,366,376,368,397,410,370
(주)에이치비테크놀러지,078150,119,122,332,359,379,523,573,295,282
(주)에이치시티,072990,,,,,,218,244,242,302
(주)에이치알에스,036640,162,162,158,159,165,151,147,147,143
(주)에이치앤비디자인,227100,,,,,,,,47,66
(주)에이치엘사이언스,239610,,,,,,55,55,64,66
(주)에이치케이,044780,101,117,130,140,147,125,120,126,125
(주)에이텍,045660,268,292,346,368,154,159,149,148,146
(주)에이텍티앤,224110,,,,,81,82,85,136,145
(주)에이트원,230980,,,,,,124,97,87,88
(주)에이티세미콘,089530,446,471,335,669,548,465,433,597,591
(주)에이팩트,200470,,,,137,128,88,101,178,188
(주)에이프로젠,007460,219,218,189,178,148,113,113,89,88
(주)에이프로젠헬스케어앤게임즈,109960,58,55,44,25,66,40,36,26,25
(주)에치에프알,230240,,,,,,1,1,168,178
(주)에코마케팅,230360,,,,,,109,116,166,204
(주)에코프로,086520,211,233,242,279,390,180,165,214,278
(주)에코프로비엠,247540,,,,,,,,,860
(주)에프알텍,073540,70,63,64,76,85,91,78,59,52
(주)에프앤리퍼블릭,064090,101,110,99,95,102,60,54,37,39
(주)에프앤에프홀딩스,007700,264,223,253,258,252,233,288,346,342
(주)에프에스엔,214270,,,,,1,74,86,104,118
(주)에프에스티,036810,189,234,271,305,374,432,484,532,525
(주)에프엔씨엔터테인먼트,173940,,,,103,134,152,167,154,201
(주)엑사이엔씨,054940,261,226,215,192,209,260,294,284,278
(주)엑세스바이오인코퍼레이션,950130,,,44,53,,65,61,61,62
(주)엑셈,205100,,,,3,116,181,190,192,197
(주)엑시콘,092870,,,,,121,124,145,153,144
(주)엔바이오니아,317870,,,,,,,,,62
(주)엔씨소프트,036570,2773,2288,2114,2203,2300,2731,3201,3458,3755
(주)엔아이스틸,008260,125,130,137,145,160,180,194,193,194
(주)엔에스,217820,,,,,78,79,86,94,115
(주)엔에스엔,031860,23,21,36,35,33,58,27,8,10
(주)엔에이치엔벅스,104200,206,174,82,118,126,145,144,131,119
(주)엔이능률,053290,301,288,240,226,246,271,526,452,438
(주)엔지스테크널러지,208860,,,,,,36,36,99,70
(주)엔지켐생명과학,183490,,,,,,,,95,103
(주)엔케이,085310,183,189,221,224,211,189,144,146,109
(주)엔케이맥스,182400,,,,,86,100,104,96,127
(주)엔텔스,069410,138,318,195,224,220,229,231,234,247
(주)엔투텍,227950,,,,,2,2,2,84,
(주)엔피,291230,,,,,,,,4,2
(주)엔피케이,048830,161,154,169,164,233,248,258,281,290
(주)엘디티,096870,65,65,54,58,63,55,58,56,52
(주)엘아이에스,138690,202,212,236,218,160,185,214,243,261
(주)엘앤씨바이오,290650,,,,,,,,56,66
(주)엘앤에프,066970,173,171,168,172,170,406,450,481,576
(주)엘앤케이바이오메드,156100,,,,,,110,111,104,75
(주)엘에스,006260,53,56,60,63,68,80,71,77,71
(주)엘에스네트웍스,000680,565,581,495,481,446,207,197,189,191
(주)엘에프,093050,865,922,996,955,993,943,1029,1035,1086
(주)엘엑스세미콘,108320,334,394,423,454,629,735,855,884,1008
(주)엘엑스인터내셔널,001120,706,670,664,575,484,449,414,398,392
(주)엘엑스하우시스,108670,2696,2759,2896,3036,3134,3000,3050,3175,3195
(주)엘엠에스,073110,309,330,346,362,419,347,319,271,272
(주)엘오티베큠,083310,237,247,264,255,295,329,380,400,403
(주)엘지,003550,82,96,102,101,111,119,114,132,172
(주)엘지생활건강,051900,3372,3682,3881,3974,4328,4532,4374,4512,4567
(주)엘지유플러스,032640,6190,6486,6780,7176,7693,8446,8727,10628,10701
(주)엘지헬로비전,037560,,1070,1283,1256,1130,1086,1099,1219,1174
(주)엘지화학,051910,10722,11683,12617,13623,14280,14974,16839,18431,20162
(주)엠게임,058630,223,185,158,73,75,113,125,104,105
(주)엠디에스테크,086960,197,199,215,242,260,294,288,323,314
(주)엠씨넥스,097520,,,,,,,,,
(주)엠아이텍,179290,,,,,,,,134,160
(주)엠에스씨,009780,338,331,323,356,650,676,458,577,527
(주)엠에스오토텍,123040,315,358,385,400,348,343,329,265,243
(주)엠투엔,033310,60,63,64,64,65,68,67,67,56
(주)엠플러스,259630,,,,,,,88,123,183
(주)엠피대산,065150,354,370,412,402,425,389,496,552,461
(주)연우,115960,,,,,1403,1514,1511,1603,1534
(주)연이비앤티,090740,154,1600,217,161,141,119,88,60,41
(주)영우디에스피,143540,,,,201,223,292,321,260,184
(주)영원무역,111770,413,454,446,422,420,416,445,437,288
(주)영원무역홀딩스,009970,1,9,8,8,12,9,11,12,37
(주)영풍,000670,523,555,575,604,642,652,663,663,667
(주)영흥,012160,223,208,196,259,312,428,422,369,362
(주)예림당,036000,138,144,661,824,1015,1282,1743,2166,2397
(주)예선테크,250930,,,,,,1,1,1,143
(주)예스코홀딩스,015360,332,327,333,338,317,318,316,10,10
(주)예스티,122640,,,,,141,190,250,219,210
(주)오공,045060,114,115,127,116,134,141,145,149,146
(주)오디텍,080520,247,242,208,259,231,235,217,228,244
(주)오뚜기,007310,2008,3145,3285,3250,3263,3081,3082,3081,2992
(주)오르비텍,046120,489,240,248,320,284,365,440,506,472
(주)오리엔탈정공,014940,635,435,416,428,111,108,104,269,276
(주)오리엔트바이오,002630,71,77,57,54,62,158,152,152,153
(주)오리엔트정공,065500,60,57,68,67,63,61,62,61,67
(주)오리온,271560,,,,,,,1839,1733,1598
(주)오리온홀딩스,001800,2176,2367,2450,1988,2087,1976,1921,7,6
(주)오리콤,010470,264,285,289,279,297,308,293,327,323
(주)오스코텍,039200,61,55,44,35,36,41,38,38,33
(주)오스테오닉,226400,,,,,,,,74,98
(주)오스템,031510,446,445,440,526,503,513,477,448,455
(주)오이솔루션,138080,,,,285,320,328,332,299,345
(주)오킨스전자,080580,,,,172,187,153,146,141,123
(주)오텍,067170,84,90,108,104,103,95,99,95,94
(주)오파스넷,173130,,,,,,,,220,263
(주)오픈베이스,049480,82,85,106,117,134,137,149,145,180
(주)오하임아이엔티,309930,,,,,,,,3,2
(주)옵투스제약,131030,3,3,99,95,115,170,160,161,165
(주)옵트론텍,082210,183,243,329,326,319,334,367,344,517
(주)옵티팜,153710,,,,,,,,62,67
(주)와이비엠넷,057030,869,750,636,518,482,431,433,455,465
(주)와이솔,122990,140,194,252,311,366,592,633,679,573
(주)와이어블,065530,104,158,148,174,166,159,116,106,133
(주)와이엔텍,067900,173,164,188,197,185,181,163,162,158
(주)와이오엠,066430,16,8,9,24,22,37,35,43,57
(주)와이제이엠게임즈,193250,,,,11,21,33,37,35,42
(주)와이즈버즈,273060,,,,,,,,,
(주)와이지-원,019210,1105,1194,1415,1402,1528,1635,1757,2074,1743
(주)와이지엔터테인먼트,122870,113,138,179,247,262,318,453,362,342
(주)와이지플러스,037270,58,59,41,23,36,61,73,84,81
(주)와이투솔루션,011690,194,185,180,168,165,167,168,144,145
(주)와이티엔,040300,621,641,650,640,639,663,660,655,674
(주)용평리조트,070960,,,,,,313,321,346,352
(주)우리기술,032820,114,115,113,108,114,120,115,114,116
(주)우리넷,115440,99,103,107,113,112,113,128,142,142
(주)우리로,046970,,193,163,147,139,149,127,126,130
(주)우성,006980,349,345,341,314,268,280,283,284,284
(주)우신시스템,017370,236,230,242,220,238,315,292,285,273
(주)우양,103840,,,,,,,,,272
(주)우정바이오,215380,,,,,1,1,106,108,109
(주)우주일렉트로닉스,065680,540,732,725,569,555,629,568,507,480
(주)우진,105840,150,167,177,185,193,182,153,125,118
(주)우진아이엔에스,010400,,,,,,,,161,155
(주)우진플라임,049800,348,449,520,677,715,718,730,660,597
(주)웅진,016880,1278,1215,1017,968,1112,1201,652,957,737
(주)웅진씽크빅,095720,2382,2088,1851,1793,1675,1723,2476,2206,2180
(주)원림,005820,32,25,37,28,24,30,37,68,80
(주)원바이오젠,307280,,,,,,,,2,2
(주)원익,032940,68,63,58,72,67,65,53,45,101
(주)원익머트리얼즈,104830,131,165,170,186,216,234,297,357,397
(주)원익아이피에스,240810,,,,,,554,685,874,1407
(주)원익큐브,014190,162,157,121,125,128,134,139,136,120
(주)원익큐엔씨,074600,296,323,363,370,380,401,488,659,644
(주)원익피앤이,131390,166,196,184,126,122,149,166,189,238
(주)원익홀딩스,030530,568,579,604,636,644,152,243,300,349
(주)원일특강,012620,117,116,150,124,131,137,137,147,142
(주)원풍,008370,217,207,201,185,197,202,203,190,187
(주)월덱스,101160,214,216,209,199,198,196,199,217,218
(주)웨이버스,336060,,,,,,,,,
(주)웨이브일렉트로닉스,095270,69,59,90,68,106,142,158,120,125
(주)웰크론,065950,171,165,159,154,212,189,211,211,219
(주)웰크론한텍,076080,80,108,142,133,145,148,180,242,279
(주)웹스,196700,,,,,93,100,87,87,85
(주)웹젠,069080,522,495,480,219,253,318,561,573,557
(주)위니아,071460,,,,,,664,648,597,582
(주)위닉스,044340,351,384,365,465,512,397,505,573,538
(주)위메이드,112040,491,803,1085,1115,474,90,46,58,58
(주)위메이드맥스,101730,225,251,100,132,145,38,47,116,139
(주)위메이드플레이,123420,6,,55,73,113,175,192,232,275
(주)위스컴,024070,262,261,259,264,256,247,248,255,247
(주)위지윅스튜디오,299900,,,,,,,,138,136
(주)위지트,036090,133,140,155,140,137,137,130,136,131
(주)윈스,136540,197,288,324,294,310,330,381,382,398
(주)윈팩,097800,,,354,348,272,262,301,412,502
(주)윈하이텍,192390,,,,99,117,128,133,144,147
(주)윌링스,313760,,,,,,,,,82
(주)윌비스,008600,216,195,193,190,202,219,216,209,198
(주)유니드,014830,410,411,432,440,435,469,456,444,447
(주)유니온,000910,250,252,237,247,241,226,224,224,231
(주)유니온커뮤니티,203450,,,,,,110,116,105,115
(주)유니켐,011330,201,208,198,,74,201,197,244,254
(주)유니크,011320,497,524,515,541,553,578,577,557,638
(주)유니테스트,086390,102,114,112,125,144,151,166,190,200
(주)유니테크노,241690,,,,,,262,254,265,268
(주)유니트론텍,142210,,,,,,49,56,61,70
(주)유라테크,048430,267,305,343,343,350,324,333,339,306
(주)유바이오로직스,206650,,,,,,,91,132,203
(주)유비케어,032620,245,281,210,211,197,199,211,237,257
(주)유비쿼스,264450,,,,,,,166,168,189
(주)유비쿼스홀딩스,078070,190,224,260,278,286,246,8,12,16
(주)유성티엔에스,024800,624,620,683,712,677,632,547,496,475
(주)유수홀딩스,000700,12,15,15,15,18,19,18,20,19
(주)유신,054930,1389,1258,1190,1134,1128,1133,1158,1168,1181
(주)유씨아이,038340,115,129,53,44,43,73,59,59,58
(주)유아이디,069330,247,241,260,184,141,98,78,66,72
(주)유에스티,263770,,,,,,,2,69,66
(주)유유제약,000220,249,230,270,254,253,255,277,308,305
(주)유진로봇,056080,117,110,111,115,124,127,143,145,169
(주)유진테크,084370,95,111,121,125,126,137,150,202,210
(주)유테크,178780,,,,,158,76,63,65,66
(주)유티아이,179900,,,,,,,143,159,180
(주)유틸렉스,263050,,,,,,,,72,101
(주)유한양행,000100,1511,1538,1514,1515,1594,1660,1760,1859,1816
(주)육일씨엔에쓰,191410,,,,,154,110,118,107,75
(주)율호,072770,75,77,62,59,57,54,42,58,51
(주)이건홀딩스,039020,366,338,337,354,347,348,42,55,48
(주)이글루코퍼레이션,067920,318,442,566,606,620,652,712,750,822
(주)이글벳,044960,58,63,72,76,84,134,134,125,113
(주)이노메트리,302430,,,,,,,,31,55
(주)이노션,214320,,,,,623,643,663,658,655
(주)이노와이어리스,073490,209,237,263,280,285,304,227,255,289
(주)이노인스트루먼트,215790,,,,,,,65,95,67
(주)이노테라피,246960,,,,,,,,,24
(주)이녹스,088390,262,322,383,357,353,398,7,9,10
(주)이녹스첨단소재,272290,,,,,,,549,613,666
(주)이라이콤,041520,162,217,269,286,319,289,239,217,126
(주)이랜시스,264850,,,,,,,,,153
(주)이랜텍,054210,349,339,344,327,319,318,289,254,281
(주)이루온,065440,146,127,124,134,129,134,96,74,75
(주)이마트,139480,15105,16340,27958,28701,30085,27973,27656,26018,25779
(주)이미지스테크놀로지,115610,46,57,54,67,64,61,52,40,48
(주)이브이수성,084180,65,62,65,62,64,61,77,58,66
(주)이브이첨단소재,131400,278,318,323,259,226,238,275,329,200
(주)이상네트웍스,080010,78,83,78,78,73,78,97,57,50
(주)이수앱지스,086890,91,100,102,93,94,109,138,155,158
(주)이수페타시스,007660,790,789,842,865,841,853,859,921,903
(주)이수화학,005950,346,360,382,379,379,377,394,401,413
(주)이스타코,015020,33,30,57,40,60,57,63,45,39
(주)이스트소프트,047560,328,370,335,254,300,282,163,170,191
(주)이씨에스텔레콤,067010,102,117,124,131,141,145,146,152,153
(주)이아이디,093230,204,65,31,50,92,26,43,33,27
(주)이엔에프테크놀로지,102710,207,250,297,333,345,356,386,426,477
(주)이엔코퍼레이션,066980,83,205,273,228,54,73,68,68,65
(주)이엔플러스,074610,36,37,32,33,34,52,66,65,62
(주)이엘피,063760,,,,,,,109,119,134
(주)이엠넷,123570,366,403,397,270,240,257,253,301,331
(주)이엠앤아이,083470,107,102,148,201,148,117,140,51,16
(주)이엠텍,091120,156,173,203,235,238,264,337,421,432
(주)이오테크닉스,039030,438,474,510,576,629,653,677,623,571
(주)이원,017940,242,260,263,264,273,256,261,277,279
(주)이월드,084680,199,207,232,196,238,240,226,264,488
(주)이즈미디어,181340,,,,,,,131,177,186
(주)이지,037370,70,90,103,100,97,101,114,106,92
(주)이지홀딩스,035810,1564,147,182,195,217,247,248,266,265
(주)이큐셀,160600,,,,,92,112,148,188,172
(주)이크레더블,092130,128,114,120,113,142,160,172,175,176
(주)이퓨쳐,134060,46,48,46,44,45,45,48,49,49
(주)인디에프,014990,474,424,352,363,288,267,234,236,243
(주)인바디,041830,129,133,151,167,166,192,194,184,212
(주)인바이오젠,101140,31,35,39,33,25,21,24,18,46
(주)인산가,277410,,,,,,,2,153,164
(주)인성정보,033230,169,171,176,202,190,167,175,204,204
(주)인스코비,006490,33,71,56,33,55,46,51,53,54
(주)인지디스플레이,037330,473,322,270,284,205,141,178,202,445
(주)인콘,083640,69,140,162,119,127,127,115,126,107
(주)인터로조,119610,163,245,396,436,467,495,498,546,558
(주)인터엠,017250,238,234,250,284,289,243,323,300,335
(주)인터플렉스,051370,706,1295,1240,796,683,643,812,343,378
(주)인텍플러스,064290,136,156,161,149,140,142,151,160,178
(주)인텔리안테크놀로지스,189300,,,,,,226,257,278,323
(주)인트로메딕,150840,,,59,61,63,55,51,71,54
(주)인트론바이오테크놀로지,048530,83,81,73,95,101,106,115,115,105
(주)인팩,023810,339,355,367,400,396,394,388,359,346
(주)인포마크,175140,,,,,94,103,99,106,111
(주)인포바인,115310,58,66,61,61,67,66,64,62,74
(주)인피니트헬스케어,071200,293,339,281,251,257,283,289,268,271
(주)일승,333430,,,,,,,,,
(주)일신바이오베이스,068330,71,61,56,57,55,49,51,40,48
(주)일신석재,007110,84,75,78,78,78,78,78,81,81
(주)일야,058450,122,121,135,151,119,111,171,81,67
(주)일지테크,019540,331,384,444,452,426,347,368,410,380
(주)일진파워,094820,527,553,471,515,497,624,666,696,697
(주)잇츠한불,226320,,,,,94,119,279,289,226
(주)잉크테크,049550,360,371,409,416,372,352,263,245,236
(주)자비스,254120,,,,,,,,,76
(주)자연과환경,043910,67,85,75,23,38,39,56,52,56
(주)장원테크,174880,,,,,,174,117,138,133
(주)정다운,208140,,,,,,190,190,189,416
(주)정상제이엘에스,040420,263,264,258,249,262,252,254,266,510
(주)정원엔시스,045510,167,150,139,147,141,143,135,135,141
(주)제넥신,095700,48,77,92,108,127,122,126,156,161
(주)제넨바이오,072520,671,827,630,505,307,90,113,39,100
(주)제노레이,122310,,,,,,,,175,202
(주)제노포커스,187420,,,,,44,53,60,62,67
(주)제닉,123330,131,144,176,178,179,191,354,319,240
(주)제로투세븐,159580,,,282,219,263,237,193,237,240
(주)제우스,079370,471,439,464,470,468,453,510,577,597
(주)제이브이엠,054950,327,332,337,351,328,335,327,318,320
(주)제이스텍,090470,228,223,220,250,347,374,423,405,390
(주)제이시스메디칼,287410,,,,,,,,,
(주)제이에스코퍼레이션,194370,,,,,,136,169,146,160
(주)제이에스티나,026040,297,309,329,353,407,898,525,534,498
(주)제이엘케이,322510,,,,,,,,,57
(주)제이와이피엔터테인먼트,035900,6,64,97,93,109,123,157,223,219
(주)제이웨이,058420,59,47,37,20,25,28,48,22,17
(주)제이티,089790,181,130,119,140,153,159,150,143,139
(주)제이티씨,950170,,,,,,,,,928
(주)제일기획,030000,1014,1262,1248,1293,1257,1170,1344,1392,1400
(주)제일바이오,052670,58,68,63,67,82,61,61,55,51
(주)제일테크노스,038010,195,193,190,206,192,175,170,185,192
(주)제주반도체,080220,41,51,52,56,67,71,73,84,86
(주)제주항공,089590,,,,,1401,1849,2315,2841,3306
(주)제테마,216080,,,,,,,,,125
(주)젬백스&카엘,082270,81,96,107,99,115,127,142,160,173
(주)젬백스링크,064800,227,223,199,178,154,132,48,75,87
(주)조비,001550,127,115,108,98,101,102,108,112,116
(주)조이시티,067000,314,363,347,310,305,303,309,277,216
(주)조흥,002600,119,141,144,148,151,183,243,251,279
(주)종근당,185750,,,1705,1855,1903,1883,2006,2100,2243
(주)종근당바이오,063160,267,265,274,290,288,290,307,349,421
(주)종근당홀딩스,001630,1473,1499,36,26,24,19,16,26,26
(주)좋은사람들,033340,500,486,452,431,407,391,381,338,337
(주)주연테크,044380,131,127,126,126,125,121,120,96,100
(주)중앙디앤엠,051980,67,67,62,65,37,18,50,62,66
(주)중앙백신연구소,072020,114,117,126,129,138,149,160,165,164
(주)중앙에너비스,000440,119,123,111,112,105,109,100,98,82
(주)지노믹트리,228760,,,,,,,,,54
(주)지누스,013890,,,,,,,,,107
(주)지니뮤직,043610,129,131,163,190,183,190,194,242,256
(주)지니틱스,303030,,,,,,,,1,80
(주)지란지교시큐리티,208350,,,,1,1,126,133,121,128
(주)지씨셀,144510,,,,,,364,395,417,432
(주)지어소프트,051160,237,224,193,164,148,219,162,157,129
(주)지에스,078930,25,27,29,26,25,25,26,29,31
(주)지에스글로벌,001250,221,240,237,226,232,236,237,238,235
(주)지에스리테일,007070,3480,4453,4373,4392,8830,9480,11934,10207,8849
(주)지에스이,053050,55,57,62,66,64,70,70,78,76
(주)지엔씨에너지,119850,,,61,70,76,64,81,81,84
(주)지엔코,065060,124,155,172,168,150,168,168,151,149
(주)지투알,035000,66,64,58,65,75,80,81,74,83
(주)지티지웰니스,219750,,,,,,,,84,85
(주)진도,088790,254,264,296,312,304,280,240,252,247
(주)진로발효,018120,64,58,59,55,55,53,52,53,49
(주)진매트릭스,109820,29,31,31,30,33,30,36,40,52
(주)진바이오텍,086060,39,37,39,36,35,38,39,35,36
(주)진성티이씨,036890,180,185,184,199,199,194,227,227,217
(주)진양홀딩스,100250,2,2,2,3,3,3,3,3,4
(주)진에어,272450,,,,,,,1651,1898,1939
(주)차바이오텍,085660,279,258,280,121,121,141,155,178,201
(주)창해에탄올,004650,,,,45,45,46,64,53,52
(주)천보,278280,,,,,,,,,123
(주)천일고속,000650,427,439,432,437,434,426,401,418,421
(주)체리부로,066360,,,,,,,508,496,460
(주)체시스,033250,274,298,301,271,218,184,166,152,142
(주)초록뱀미디어,047820,17,18,16,16,16,21,15,17,20
(주)초록뱀이앤엠,131100,108,121,131,121,107,75,77,77,
(주)초록뱀컴퍼니,052300,22,41,119,136,50,44,38,38,27
(주)초록뱀헬스케어,118000,45,53,32,34,51,40,28,28,22
(주)칩스앤미디어,094360,,,57,57,60,66,69,66,70
(주)카나리아바이오,016790,,,,,,,,81,81
(주)카스,016920,341,329,385,376,367,331,314,315,354
(주)카이노스메드,284620,,,,,,,,2,2
(주)카카오,035720,,,,,,,2549,2705,2701
(주)카프로,006380,354,345,330,229,230,241,250,268,275
(주)캐리소프트,317530,,,,,,,,,58
(주)캐스텍코리아,071850,,,,327,389,372,349,326,308
(주)캠시스,050110,94,122,165,209,237,196,186,235,223
(주)컴투스,078340,404,534,541,554,699,708,797,885,940
(주)컴투스홀딩스,063080,143,178,219,239,286,352,419,427,399
(주)케스피온,079190,167,183,227,246,281,300,245,184,303
(주)케어랩스,263700,,,,,,,,167,176
(주)케어젠,214370,,,,,94,121,138,156,171
(주)케이비지,318000,,,,,,,,,55
(주)케이사인,192250,,,,103,100,103,90,99,86
(주)케이씨,029460,432,398,433,476,519,570,96,103,119
(주)케이씨씨,002380,4803,4766,4803,4855,5173,5090,5136,5230,5202
(주)케이씨씨건설,021320,1088,1111,1284,953,1072,960,1007,1003,971
(주)케이씨아이,036670,86,97,117,116,115,120,127,148,155
(주)케이씨에스,115500,31,32,40,46,46,52,58,59,65
(주)케이씨텍,281820,,,,,,,556,594,594
(주)케이씨티,089150,70,69,82,81,68,59,57,57,57
(주)케이씨티시,009070,445,464,382,372,369,357,362,384,402
(주)케이씨피드,025880,78,79,76,75,65,67,93,97,92
(주)케이아이엔엑스,093320,56,78,76,86,92,96,108,115,120
(주)케이에스에스해운,044450,185,191,232,248,292,283,329,351,337
(주)케이에스피,073010,114,103,93,114,131,90,83,69,58
(주)케이에이치바텍,060720,520,536,547,549,591,367,226,101,66
(주)케이에이치필룩스,033180,141,142,134,144,139,142,163,143,144
(주)케이엑스이노베이션,122450,87,91,98,80,102,99,82,79,84
(주)케이엑스하이텍,052900,295,216,196,194,174,178,152,158,159
(주)케이엔더블유,105330,136,117,131,136,138,101,101,86,73
(주)케이엔엔,058400,149,150,146,134,132,129,128,134,139
(주)케이엔제이,272110,,,,,,,,,142
(주)케이엘넷,039420,174,180,181,157,147,165,182,159,177
(주)케이엠,083550,287,268,254,245,189,184,202,254,266
(주)케이엠더블유,032500,395,527,619,887,857,483,322,346,379
(주)케이이씨,092220,773,718,677,665,627,626,606,605,627
(주)케이지모빌리언스,046440,91,165,127,152,136,179,145,147,139
(주)케이지이니시스,035600,174,194,217,211,213,210,200,218,206
(주)케이티,030200,31981,32186,32451,23371,23531,23575,23817,23835,23372
(주)케이티서브마린,060370,51,64,68,68,70,72,77,75,67
(주)케이티스카이라이프,053210,286,290,298,308,329,320,333,351,356
(주)케이티씨에스,058850,8902,9838,10167,10968,10832,10221,9633,9951,8985
(주)케이티아이에스,058860,8013,9197,9648,10205,9852,9166,8353,8529,8147
(주)케이티알파,036030,563,523,356,345,543,589,603,624,656
(주)케이티앤지,033780,4313,4313,4235,4158,4102,4145,4295,4433,4623
(주)케이프,064820,113,113,97,122,131,133,131,155,180
(주)케이피에스,256940,,,,,,,77,99,87
(주)케이피에프,024880,294,342,398,433,432,447,442,494,491
(주)케이피엠테크,042040,107,80,66,80,84,74,63,55,70
(주)케이피티유,054410,59,63,81,82,82,63,59,66,59
(주)케일럼,258610,,,,,,,25,29,29
(주)켐온,217600,,,,,,,167,190,199
(주)켐트로닉스,089010,253,283,350,347,307,297,307,357,413
(주)켐트로스,220260,,,,,,,106,123,131
(주)코다코,046070,265,300,355,348,365,369,358,343,316
(주)코데즈컴바인,047770,890,695,616,468,23,24,37,49,59
(주)코디,080530,117,93,84,68,41,162,121,100,85
(주)코디엠,224060,,,,,75,98,92,80,56
(주)코렌텍,104540,,,117,130,167,151,170,136,140
(주)코리아나화장품,027050,331,344,344,331,360,363,344,310,280
(주)코리아센터,290510,,,,,,,,,421
(주)코리아써키트,007810,433,489,538,520,584,596,705,597,528
(주)코리아에스이,101670,55,53,49,51,47,52,51,54,55
(주)코맥스,036690,158,166,185,193,193,206,223,212,191
(주)코메론,049430,67,89,98,97,100,103,99,104,102
(주)코미코,183300,,,,,,,370,508,516
(주)코미팜,041960,107,116,132,145,155,162,174,152,150
(주)코세스,089890,214,211,195,178,137,148,134,167,197
(주)코센,009730,147,121,79,80,83,90,77,80,91
(주)코스나인,082660,131,197,267,204,131,110,91,37,108
(주)코스메카코리아,241710,,,,,,428,505,725,560
(주)코스온,069110,4,4,18,74,149,227,248,247,259
(주)코썬바이오,204990,,,,,,106,102,75,49
(주)코아스,071950,244,232,257,301,308,307,325,256,280
(주)코아시아,045970,2,2,2,2,5,13,11,18,347
(주)코아시아옵틱스,196450,,,,128,135,24,15,30,129
(주)코엔텍,029960,60,61,60,62,73,70,69,76,84
(주)코오롱,002020,53,43,65,85,90,93,100,86,76
(주)코원플레이,056000,163,136,109,77,67,78,15,17,21
(주)코윈테크,282880,,,,,,,,,175
(주)코이즈,121850,,131,142,123,99,100,84,71,72
(주)코콤,015710,129,154,134,124,133,132,159,167,159
(주)코텍,052330,226,251,271,286,351,390,421,395,384
(주)코퍼스코리아,322780,,,,,,,,,
(주)코프라,126600,56,67,69,85,96,100,107,107,100
(주)콘텐트리중앙,036420,,,,,,,,,2026
(주)콤텍시스템,031820,169,329,397,321,164,400,349,372,479
(주)큐로,015590,506,503,508,543,508,465,272,244,250
(주)큐로컴,040350,40,34,34,36,36,38,30,25,28
(주)큐로홀딩스,051780,40,46,68,34,42,59,84,86,47
(주)큐리언트,115180,,,,,,17,17,20,22
(주)큐브엔터테인먼트,182360,,,,,68,82,73,81,83
(주)큐에스아이,066310,125,128,132,137,129,126,129,115,123
(주)크라운제과,264900,,,,,,,1455,1442,1407
(주)크라운해태홀딩스,005740,1494,1517,1497,1493,1585,1497,52,53,57
(주)크레버스,096240,345,330,305,332,527,605,520,632,677
(주)크리스에프앤씨,110790,,,,,,,,260,287
(주)크린앤사이언스,045520,150,130,138,133,148,141,150,165,172
(주)클라우드에어,036170,64,201,180,167,65,68,70,53,52
(주)클래시스,214150,,,,,,,139,196,196
(주)클리오,237880,,,,,,243,278,280,279
(주)키다리스튜디오,020120,53,77,60,68,71,42,32,47,97
(주)키이스트,054780,55,58,53,54,54,56,37,37,49
(주)타이거일렉,219130,,,,,138,167,180,180,180
(주)탑엔지니어링,065130,220,193,189,285,310,288,319,338,349
(주)탑코미디어,134580,,,74,81,86,50,53,51,52
(주)태경비케이,014580,297,308,308,306,328,327,310,289,286
(주)태광,023160,393,439,434,435,425,409,381,372,377
(주)태성,323280,,,,,,,,,
(주)태양,053620,249,286,297,307,294,252,265,260,259
(주)태영건설,009410,1358,1436,1281,1017,954,1052,1252,1438,1425
(주)태웅,044490,259,259,276,278,330,481,479,503,493
(주)태웅로직스,124560,,,,,,,,,212
(주)테라젠이텍스,066700,189,212,196,222,252,271,288,299,316
(주)테스,095610,157,169,178,204,216,241,286,310,307
(주)테이팩스,055490,,,,,,,219,228,232
(주)테크윙,089030,210,253,298,340,388,428,533,605,588
(주)텔레칩스,054450,264,260,259,262,271,273,276,289,321
(주)텔레필드,091440,91,94,102,116,128,123,121,115,112
(주)텔콘알에프제약,200230,,,,83,79,92,94,157,145
(주)토니모리,214420,,,,,199,183,166,158,167
(주)토박스코리아,215480,,,,,,,44,47,39
(주)토비스,051360,211,220,213,251,246,245,260,280,244
(주)토탈소프트뱅크,045340,138,113,116,106,101,93,97,105,105
(주)톱텍,108230,268,265,317,310,320,415,473,441,421
(주)투비소프트,079970,230,260,259,266,268,266,270,277,278
(주)트루윈,105550,,,,149,166,178,179,169,143
(주)특수건설,026150,227,237,243,241,227,244,243,237,259
(주)티라유텍,322180,,,,,,,,,256
(주)티로보틱스,117730,,,,,,,,154,143
(주)티비씨,033830,141,137,141,137,138,131,125,132,123
(주)티비에이치글로벌,084870,305,297,348,730,632,366,343,343,324
(주)티사이언티픽,057680,82,88,66,47,79,81,61,50,40
(주)티씨케이,064760,171,159,144,155,198,252,309,338,348
(주)티앤알바이오팹,246710,,,,,,,,48,62
(주)티에스넥스젠,043220,23,13,12,12,17,11,115,59,51
(주)티에스이,131290,379,323,358,377,386,390,441,520,488
(주)티에스트릴리온,317240,,,,,,,,,1
(주)티에이치엔,019180,284,334,357,355,356,384,435,438,502
(주)티엘아이,062860,108,108,134,113,132,146,149,107,84
(주)티움바이오,321550,,,,,,,,,34
(주)티웨이항공,091810,,,,,,,,2024,2287
(주)티웨이홀딩스,004870,62,59,58,680,59,1160,1426,2078,2334
(주)티케이케미칼,104480,850,836,816,813,796,704,668,633,657
(주)티플랙스,081150,39,38,37,38,40,45,48,53,52
(주)티피씨,130740,131,140,162,156,162,166,158,148,148
(주)티피씨메카트로닉스,048770,297,292,410,361,379,379,374,348,328
(주)파나진,046210,103,77,61,46,47,59,54,55,49
(주)파라다이스,034230,1096,1235,1342,1335,1586,1503,1437,1432,1487
(주)파라텍,033540,164,173,180,178,183,200,208,222,223
(주)파루,043200,115,84,113,124,139,168,175,136,145
(주)파마리서치,214450,,,,,77,96,108,145,184
(주)파멥신,208340,,,,,,,,23,39
(주)파버나인,177830,,,,350,302,354,358,318,287
(주)파세코,037070,281,288,280,304,259,251,275,280,382
(주)파수,150900,,,229,237,267,297,250,203,202
(주)파워넷,037030,,,,,,,,112,105
(주)파워로직스,047310,200,343,409,454,388,340,323,291,307
(주)파이오링크,170790,,,134,139,190,177,167,271,283
(주)파인디앤씨,049120,447,190,225,285,224,158,229,179,186
(주)파인디지털,038950,125,132,152,156,168,172,152,143,146
(주)파인테크닉스,106240,399,369,214,243,272,320,255,167,168
(주)파인텍,131760,,,,,99,63,143,134,163
(주)파커스,065690,563,221,232,223,167,169,125,108,101
(주)파크시스템스,140860,,,,,84,95,122,138,167
(주)파트론,091700,357,427,460,466,482,472,470,455,460
(주)판타지오,032800,160,163,180,198,124,126,44,30,52
(주)팜스빌,318010,,,,,,,,,28
(주)팜스코,036580,382,501,448,445,418,395,384,401,397
(주)팜스토리,027710,339,446,476,371,363,352,318,310,434
(주)팬스타엔터프라이즈,054300,111,102,108,119,113,139,105,95,117
(주)팬엔터테인먼트,068050,33,35,33,33,34,24,38,37,29
(주)팬젠,222110,,,,,,51,55,68,78
(주)퍼시스,016800,254,304,324,327,316,302,291,221,208
(주)펄어비스,263750,,,,,,,,647,836
(주)펩트론,087010,,,,,41,56,64,67,82
(주)포메탈,119500,137,122,120,129,127,127,131,138,136
(주)포스코아이씨티,022100,2468,2541,2487,2440,2355,4170,2465,2535,2469
(주)포스코엠텍,009520,1037,1196,1265,1187,1087,1110,1130,1094,1015
(주)포스코인터내셔널,047050,1968,1991,1233,1239,1064,998,1877,1910,1973
(주)포스코케미칼,003670,,,,,,,,,1705
(주)포시에스,189690,,,,,113,114,124,136,149
(주)포인트엔지니어링,256630,,,,,,,,,236
(주)포커스에이치엔에스,331380,,,,,,,,,4
(주)폴라리스세원,234100,,,,,,,245,279,299
(주)폴라리스오피스,041020,356,364,390,352,306,137,201,170,196
(주)폴라리스우노,114630,172,178,187,181,175,160,148,161,145
(주)푸드나무,290720,,,,,,,,104,143
(주)푸드웰,005670,246,235,221,203,176,166,173,175,170
(주)푸른기술,094940,128,146,174,145,121,108,117,121,127
(주)풀무원,017810,243,252,271,281,288,298,359,351,441
(주)풍강,093380,220,231,236,239,258,262,265,261,267
(주)풍산,103140,3307,3426,3564,3470,3577,3489,3340,3476,3341
(주)풍산홀딩스,005810,402,364,369,384,370,352,351,353,341
(주)퓨쳐켐,220100,,,,,,43,51,53,57
(주)프럼파스트,035200,72,69,75,76,74,81,88,71,67
(주)프로스테믹스,203690,,,,1,62,70,78,56,71
(주)프로이천,321260,,,,,,,,,4
(주)프로텍,053610,193,195,188,208,225,224,249,272,284
(주)프리엠스,053160,116,125,124,123,96,84,86,74,67
(주)플래스크,041590,42,37,50,66,61,32,30,39,117
(주)플랜티넷,075130,91,87,85,94,89,86,85,83,58
(주)플레이그램,009810,25,19,22,21,19,20,19,17,15
(주)플레이위드,023770,78,63,62,40,34,35,51,39,29
(주)플리토,300080,,,,,,,,,63
(주)피델릭스,032580,66,60,66,70,74,74,72,70,70
(주)피씨디렉트,051380,66,65,67,70,66,66,75,83,82
(주)피에스엠씨,024850,684,394,386,385,313,256,,275,254
(주)피에이치씨,057880,136,91,89,67,50,16,28,25,20
(주)피엔티,137400,,141,164,177,224,209,263,270,286
(주)피엔풍년,024940,193,184,204,205,202,192,192,188,185
(주)피제이메탈,128660,82,82,83,75,77,80,77,77,81
(주)피제이전자,006140,361,380,281,289,287,265,252,249,241
(주)피피아이,062970,,,,,,,,,199
(주)픽셀플러스,087600,,,,,125,131,129,130,112
(주)필옵틱스,161580,,,,,,,403,450,413
(주)하나투어,039130,1709,1861,2172,2235,2493,2591,2627,2736,2500
(주)하림,136480,1780,1976,2036,2020,2003,2056,2145,2260,2326
(주)하림지주,003380,,,,,,,13,43,60
(주)하이로닉,149980,,,,113,113,95,94,88,82
(주)하이비젼시스템,126700,,116,161,173,220,198,250,296,295
(주)하이소닉,106080,70,85,92,74,67,58,42,43,31
(주)하이스틸,071090,196,212,217,218,215,208,213,212,201
(주)하이텍팜,106190,66,59,59,66,68,69,97,108,96
(주)하이트론씨스템즈,019490,295,260,243,232,193,163,140,140,154
(주)하츠,066130,202,152,181,170,195,193,209,206,206
(주)한국가구,004590,34,38,36,45,48,47,46,47,42
(주)한국경제티브이,039340,216,205,197,192,194,189,196,200,191
(주)한국비엔씨,256840,,,,,,,,,91
(주)한국전자홀딩스,006200,20,27,30,30,28,31,26,19,19
(주)한국종합기술,023350,1194,1185,1146,1104,1145,1143,1228,1241,1264
(주)한국카본,017960,435,450,454,467,487,483,471,434,467
(주)한국코퍼레이션,050540,4097,4250,3892,4200,4588,4435,3956,3079,3078
(주)한국큐빅,021650,164,163,159,149,152,141,146,146,148
(주)한국테크놀로지,053590,76,83,39,39,57,76,52,52,37
(주)한국특강,007280,414,422,425,417,379,360,379,372,382
(주)한국팩키지,037230,110,117,105,98,94,96,94,97,99
(주)한국화장품제조,003350,93,98,101,105,115,163,182,185,193
(주)한글과컴퓨터,030520,264,324,354,362,376,393,414,479,415
(주)한네트,052600,74,73,66,67,68,65,66,73,82
(주)한농화성,011500,125,119,126,143,146,160,162,164,167
(주)한독,002390,766,750,757,902,883,898,912,912,953
(주)한독크린텍,256150,,,,,,,,,189
(주)한라,014790,1067,1861,1318,1278,1266,1044,1020,1071,1072
(주)한라홀딩스,060980,4142,4192,4227,13,222,279,279,293,254
(주)한미글로벌건축사사무소,053690,608,592,580,643,668,711,741,755,746
(주)한빛소프트,047080,228,118,97,98,101,101,86,89,83
(주)한샘,009240,1411,1536,1728,1979,2809,2689,3033,2885,2525
(주)한섬,020000,542,591,672,767,881,991,1040,994,1457
(주)한솔케미칼,014680,316,341,327,394,431,412,434,473,497
(주)한솔홈데코,025750,167,165,183,195,200,216,233,267,259
(주)한송네오텍,226440,,,,,,,,92,89
(주)한익스프레스,014130,233,244,249,270,297,377,370,385,398
(주)한일진공,123840,4,4,111,91,94,143,110,145,123
(주)한진,002320,2252,2111,2104,2112,2251,2127,1495,1417,1430
(주)한진중공업홀딩스,003480,12,11,6,7,8,8,7,11,8
(주)한진칼,180640,,,7,33,36,31,30,31,33
(주)한창,005110,9,10,15,18,17,14,16,16,17
(주)한창바이오텍,043090,20,21,26,29,38,31,26,21,16
(주)한창제지,009460,243,249,243,237,224,225,220,216,214
(주)한컴위드,054920,99,144,132,149,150,157,148,95,125
(주)한탑,002680,154,142,145,127,134,126,126,141,118
(주)한화,000880,3642,3840,3898,5202,5387,5496,5611,6108,5575
(주)핸디소프트,220180,,,,,,163,205,216,104
(주)헥토이노베이션,214180,,,,,50,72,84,128,107
(주)헥토파이낸셜,234340,,,,,,,,,110
(주)헬릭스미스,084990,57,50,51,55,59,57,76,92,105
(주)현대공업,170030,,,150,171,182,162,162,165,163
(주)현대그린푸드,005440,4020,3543,4022,4186,4475,4472,4588,5303,5629
(주)현대리바트,079430,461,480,489,413,404,435,649,814,744
(주)현대미포조선,010620,3649,3671,3824,3956,3593,3353,3212,3114,3094
(주)현대바이오랜드,052260,195,199,215,235,258,298,307,335,310
(주)현대백화점,069960,1306,1586,1719,1833,2412,2415,2632,2860,2870
(주)현대에버다임,041440,336,350,384,417,405,409,425,401,400
(주)현대이지웰,090850,,,200,226,264,269,272,283,283
(주)현대퓨처넷,126560,73,74,82,85,81,418,430,444,460
(주)현대홈쇼핑,057050,361,388,423,488,509,543,607,969,979
(주)협진,138360,,,50,56,70,88,91,66,57
(주)형지아이앤씨,011080,102,91,70,240,189,146,106,102,94
(주)형지엘리트,093240,94,118,108,102,81,74,68,67,52
(주)혜인,003010,326,348,369,357,339,341,331,315,299
(주)호텔신라,008770,2038,2074,2175,2250,2427,2369,2332,2506,2589
(주)홈센타홀딩스,060560,116,119,120,108,76,56,63,58,56
(주)홈캐스트,064240,101,98,88,75,74,63,56,54,49
(주)화승엔터프라이즈,241590,,,,,,4,3,6,7
(주)화승인더스트리,006060,363,299,304,347,375,383,380,73,30
(주)화승코퍼레이션,013520,895,1001,1053,1091,1124,1226,1152,1043,1002
(주)화신,010690,768,762,790,799,794,789,806,886,892
(주)화신정공,126640,137,156,171,175,169,178,178,184,181
(주)화인베스틸,133820,,,,217,200,185,168,167,171
(주)황금에스티,032560,118,119,122,128,128,123,131,124,124
(주)효성,004800,7614,7930,7930,7737,7778,7657,7789,586,587
(주)후성,093370,296,295,299,298,297,298,305,342,366
(주)휠라홀딩스,081660,283,295,312,307,318,331,300,306,290
(주)휴네시온,290270,,,,,,,,93,90
(주)휴니드테크놀러지스,005870,218,193,184,188,252,344,389,422,415
(주)휴맥스,115160,640,701,736,782,833,804,817,760,442
(주)휴맥스홀딩스,028080,12,15,14,22,8,5,3,2,3
(주)휴먼엔,032860,143,49,25,18,22,16,16,12,11
(주)휴메딕스,200670,,,,71,93,114,158,192,220
(주)휴비스,079980,,905,947,969,967,1057,1061,965,893
(주)휴비츠,065510,140,175,185,154,155,150,161,166,172
(주)휴센텍,215090,,,,,1,1,120,125,127
(주)휴스틸,005010,552,569,601,600,573,611,618,583,566
(주)휴엠앤씨,263920,,,,,,,172,175,137
(주)휴온스,243070,,,,,,511,535,697,708
(주)휴온스글로벌,084110,371,417,470,525,541,63,85,129,164
(주)흥국,010240,106,105,110,105,100,96,109,111,101
(주)흥국에프엔비,189980,,,,,105,124,130,136,155
(주)희림종합건축사사무소,037440,905,948,987,908,936,1043,1139,1166,1215
(주)힘스,238490,,,,,,,200,198,229
AJ네트웍스(주),095570,,,,,217,395,597,508,531
CS홀딩스(주),000590,3,2,2,2,3,3,3,3,4
HD현대(주),267250,,,,,,,259,352,416
KB오토시스(주),024120,253,287,313,287,260,259,249,257,251
KD(주),044180,49,55,40,44,35,34,43,44,37
KG스틸(주),016380,1809,1756,1729,1053,712,692,693,698,694
KISCO홀딩스(주),001940,26,26,24,24,23,20,19,17,17
LG이노텍(주),011070,7797,9755,9013,9262,8797,8967,12068,8978,8891
LS일렉트릭(주),010120,3265,3262,3449,3535,3493,3406,3276,3288,3253
OCI(주),010060,2842,2793,2711,2704,2627,2420,2345,2160,2145
SK이노베이션(주),096770,1642,1881,1892,1878,1419,1493,1614,1864,2082
SNT모티브(주),064960,977,965,959,920,910,853,816,780,766
SNT중공업(주),003570,1115,1097,1103,994,876,830,814,798,772
STX엔진(주),077970,1035,1320,972,912,878,866,848,858,902
STX중공업(주),071970,641,667,1401,1211,1126,773,585,461,482
가온미디어(주),078890,180,185,217,249,285,332,343,380,396
가온전선(주),000500,436,446,444,447,442,422,440,444,430
감성코퍼레이션(주),036620,8,12,11,12,13,9,8,7,13
강남제비스코(주),000860,543,551,563,563,602,628,641,664,689
갤럭시아머니트리(주),094480,156,100,107,110,125,129,139,122,118
경남스틸(주),039240,80,88,72,70,74,76,81,88,88
경남제약(주),053950,265,243,229,229,209,208,216,257,254
경동제약(주),011040,453,465,475,508,525,551,555,570,588
경인전자(주),009140,15,14,13,10,10,9,11,15,14
경창산업(주),024910,886,904,1036,1131,1162,1157,1213,1191,1149
계룡건설산업(주),013580,735,956,921,921,989,1088,1164,1226,1396
계양전기(주),012200,478,502,533,596,621,693,707,755,749
고려산업(주),002140,86,91,93,96,98,106,111,131,130
고려신용정보(주),049720,1750,1833,1828,311,308,344,494,565,670
고려아연(주),010130,1025,1113,1186,1287,1396,1383,1376,1391,1417
고려제강(주),002240,958,1002,1088,1054,1018,945,954,881,857
고려제약(주),014570,252,247,243,240,253,253,252,257,258
광동제약(주),009290,727,749,784,839,888,994,992,993,999
광전자(주),017900,1376,797,77,1108,1008,868,903,899,874
광진실업(주),026910,137,123,120,114,111,95,101,99,109
국도화학(주),007690,319,328,347,375,410,438,482,514,544
국일신동(주),060480,,,,61,64,58,60,60,58
국일제지(주),078130,111,123,124,128,127,132,135,133,198
국제약품(주),002720,467,444,444,443,414,407,405,402,417
그랜드코리아레저(주),114090,1644,1630,1667,1648,1869,1838,1852,2027,1853
그레이트리치과기유한공사,900290,,,,,,,,,
그린케미칼(주),083420,67,78,94,117,140,142,141,145,160
극동유화(주),014530,121,127,132,131,128,119,123,139,138
글로벌에스엠테크리미티드,900070,,,970,809,950,925,959,927,853
글로벌텍스프리(주),204620,,,,3,,,148,138,184
글로본(주),019660,10,9,11,10,8,13,12,12,14
금강공업(주),014280,371,414,418,424,398,383,397,426,412
금강철강(주),053260,81,66,83,77,65,72,66,67,61
금호건설(주),002990,1498,1353,1204,1123,1076,1068,1537,1080,1129
금호석유화학(주),011780,1272,1358,1306,1277,1281,1306,1278,1280,1339
금호전기(주),001210,455,330,265,263,204,192,184,180,143
금호타이어(주),073240,4949,4979,4943,4940,5048,5011,5127,4909,4769
기신정기(주),092440,391,417,456,486,486,464,435,413,475
기아(주),000270,32411,32756,33576,34112,34121,34102,34720,35921,35675
깨끗한나라(주),004540,543,565,580,604,630,628,607,544,536
나노캠텍(주),091970,106,102,100,95,95,89,70,56,53
나라엠앤디(주),051490,234,237,251,265,263,252,252,274,276
나무기술(주),242040,,,,,,3,3,86,93
나이스정보통신(주),036800,140,153,152,175,210,154,167,168,175
나이스평가정보(주),030190,406,425,442,484,516,519,568,605,617
남광토건(주),001260,557,379,318,275,258,168,184,301,376
남양유업(주),003920,2499,2731,2849,2690,2442,2479,2484,2519,2487
남해화학(주),025860,403,398,407,433,413,427,438,484,494
남화산업(주),111710,,,,,,,,75,77
남화토건(주),091590,,130,118,112,106,106,76,70,63
네이버(주),035420,2686,2495,1595,2346,2397,2693,2793,3585,3492
넥센타이어(주),002350,3118,3653,3890,4133,4221,4333,4154,4090,4175
넷마블(주),251270,,,,,,,691,781,802
농업회사법인(주)농우바이오,054050,329,,397,402,435,442,473,482,464
농업회사법인아시아종묘(주),154030,,,,,,,,206,218
뉴지랩파마(주),214870,,,,,181,191,123,97,64
다믈멀티미디어(주),093640,49,52,56,60,63,66,67,40,24
다스코(주),058730,131,153,174,194,220,245,261,261,250
대동금속(주),020400,116,118,118,114,115,112,112,115,131
대동기어(주),008830,191,194,185,175,180,164,154,158,163
대동전자(주),008110,146,133,123,111,111,124,112,102,104
대림비앤코(주),005750,603,638,675,726,764,843,927,875,824
대림통상(주),006570,377,358,351,329,319,319,322,309,308
대모엔지니어링(주),317850,,,,,,,,,109
대보마그네틱(주),290670,,,,,,,,36,44
대봉엘에스(주),078140,72,69,78,87,101,108,121,119,114
대상(주),001680,3672,3934,3928,3856,3930,4803,5200,5001,5234
대상홀딩스(주),084690,13,11,12,13,13,14,14,21,28
대성산업(주),128820,1116,874,933,1039,814,663,641,607,596
대성에너지(주),117580,414,405,433,400,410,433,424,418,410
대성홀딩스(주),016710,90,69,71,72,77,67,60,57,46
대신정보통신(주),020180,164,181,184,240,279,332,485,512,500
대아티아이(주),045390,189,172,204,225,251,271,282,304,330
대양전기공업(주),108380,388,385,385,387,395,372,360,371,377
대양제지공업(주),006580,86,97,92,96,98,107,106,90,91
대영포장(주),014160,301,300,309,311,335,354,357,365,364
대우전자부품(주),009320,130,139,120,142,155,162,180,196,225
대우조선해양(주),042660,12244,12781,13298,13602,13199,11261,10226,9938,9767
대원강업(주),000430,1078,1055,1057,1045,1022,988,979,936,879
대원미디어(주),048910,127,149,118,84,97,130,118,139,145
대원산업(주),005710,475,472,471,482,509,511,528,554,549
대원전선(주),006340,210,200,211,201,203,192,183,167,157
대원제약(주),003220,535,523,627,686,741,847,900,961,1005
대원화성(주),024890,253,225,228,238,239,233,217,205,197
대정화금(주),120240,122,131,131,142,156,150,157,161,165
대주산업(주),003310,119,129,117,123,132,133,136,138,138
대주전자재료(주),078600,192,178,187,138,140,175,185,220,242
대창단조(주),015230,151,136,135,134,126,133,129,125,120
대한광통신(주),010170,173,179,179,230,202,204,218,278,285
대한그린파워(주),060900,26,28,40,38,23,48,36,27,35
대한뉴팜(주),054670,197,209,228,255,284,308,324,317,332
대한방직(주),001070,624,620,632,619,583,552,493,446,361
대한약품공업(주),023910,446,502,533,588,593,598,611,668,699
대한유화(주),006650,721,737,762,751,758,775,784,834,855
대한전선(주),001440,1097,1021,862,852,757,844,837,866,863
대한제강(주),084010,549,607,633,624,584,556,541,478,424
대한제당(주),001790,595,582,589,578,572,543,538,566,507
대한제분(주),001130,377,370,360,357,354,347,335,349,347
대한해운(주),005880,307,308,278,303,303,349,364,384,422
대한화섬(주),003830,153,193,211,189,135,143,147,156,161
대화제약(주),067080,321,300,307,318,315,337,347,354,357
더이앤엠(주),089230,204,165,152,71,35,42,55,89,88
덕산네오룩스(주),213420,,,,,111,112,142,157,181
덕산하이메탈(주),077360,212,236,259,180,155,146,165,166,184
덕양산업(주),024900,721,714,701,705,720,732,728,750,774
덕우전자(주),263600,,,,,,,171,190,177
데브시스터즈(주),194480,,,,71,104,118,159,94,101
도이치모터스(주),067990,396,507,513,616,700,728,907,954,981
동국산업(주),005160,282,291,326,397,394,415,407,408,378
동국제강(주),001230,1906,1850,1887,1733,2592,2519,2549,2570,2584
동국제약(주),086450,485,601,686,708,757,808,806,888,964
동부건설(주),005960,1177,1593,1258,1014,835,806,834,925,1096
동성제약(주),002210,296,296,298,290,336,342,331,331,325
동신건설(주),025950,112,100,93,93,93,100,90,87,86
동아쏘시오홀딩스(주),000640,2303,2365,330,359,273,242,219,210,166
동아에스티(주),170900,,,1605,1582,1591,1602,1508,1533,1592
동아타이어공업(주),282690,,,,,,,627,609,532
동아화성(주),041930,241,275,284,302,340,349,350,356,378
동양이엔피(주),079960,445,454,471,428,402,414,412,369,396
동양철관(주),008970,185,198,187,192,173,162,164,157,174
동양파일(주),228340,,,,,,38,35,36,34
동양피스톤(주),092780,,,,,,,521,546,572
동원금속(주),018500,684,693,723,712,701,723,692,684,654
동원산업(주),006040,818,843,827,814,794,793,797,820,904
동원수산(주),030720,213,214,219,207,224,207,223,218,224
동원시스템즈(주),014820,577,617,413,432,460,507,754,809,819
동일고무벨트(주),163560,,614,618,608,597,598,587,580,549
동일금속(주),109860,66,74,74,70,71,67,61,63,65
동일산업(주),004890,258,243,246,251,237,235,233,254,247
동일제강(주),002690,,,,,90,99,121,125,125
동일철강(주),023790,118,73,64,99,108,108,108,88,41
동화기업(주),025900,73,86,616,619,638,665,686,714,731
동화약품(주),000020,810,812,728,714,688,668,704,747,738
두산밥캣(주),241560,,,,,,51,61,83,82
두산에너빌리티(주),034020,6871,7308,8428,8178,7779,7728,7609,7294,6721
두산퓨얼셀(주),336260,,,,,,,,,337
디씨엠(주),024090,125,150,150,130,123,137,138,140,144
디아이동일(주),001530,602,598,596,423,412,455,379,390,285
디아이티(주),110990,,,,,,,,350,333
디에스알(주),155660,,,182,173,161,166,177,176,174
디에스알제강(주),069730,130,131,130,133,130,135,136,125,118
디엑스앤브이엑스(주),180400,,,,,51,57,62,72,72
디엘(주),000210,4876,5420,5456,5234,5232,5434,7619,7133,6619
디엘건설(주),001880,310,321,346,353,383,393,399,453,543
디와이(주),013570,1179,1245,1272,323,330,289,311,284,257
디와이씨(주),310870,,,,,,,,,
디와이파워(주),210540,,,,,373,373,382,415,387
디와이피엔에프(주),104460,111,128,133,139,146,133,134,139,176
디젠스(주),113810,,269,251,246,247,225,205,132,151
디케이락(주),105740,182,196,250,258,258,246,257,278,293
라온시큐어(주),042510,11,138,128,124,109,134,149,156,172
라온피플(주),300120,,,,,,,,,113
램테크놀러지(주),171010,,,177,134,101,55,52,58,72
로스웰인터내셔널유한회사,900260,,,,,,,,,
로체시스템즈(주),071280,160,161,162,161,170,233,249,240,241
롯데관광개발(주),032350,384,335,345,327,309,312,348,394,478
롯데쇼핑(주),023530,24801,24916,26943,27880,26030,26357,25992,25083,25298
롯데정밀화학(주),004000,1023,1099,1097,899,810,814,817,836,844
롯데정보통신(주),286940,,,,,,,,2090,2784
롯데제과(주),280360,,,,,,,4744,4958,4623
롯데지주(주),004990,4022,4251,4541,4786,4845,4706,4696,181,179
롯데칠성음료(주),005300,4882,5141,5174,5383,5642,5843,6113,6106,6061
롯데케미칼(주),011170,1657,2431,2483,2669,2741,2857,3092,3155,3282
롯데하이마트(주),071840,2908,3120,3878,3953,3988,3810,3873,4112,4075
리노공업(주),058470,279,306,326,350,356,385,431,450,489
마이크로로봇(주),182690,,,,77,128,105,78,78,62
만호제강(주),001080,201,206,203,202,194,190,190,177,163
매일유업(주),267980,,,,,,,2005,2130,2154
매일홀딩스(주),005990,2247,2337,2174,2108,2085,2020,17,24,17
메가스터디(주),072870,660,661,677,673,108,107,101,104,114
메가스터디교육(주),215200,,,,,881,935,940,1215,1366
메가엠디(주),133750,,,,,242,317,300,322,332
메디앙스(주),014100,238,240,213,200,203,207,172,184,154
메디포스트(주),078160,117,142,160,186,198,192,209,229,232
명문제약(주),017180,464,440,423,433,481,490,510,542,534
명성티엔에스(주),257370,,,,,,,,56,59
모바일어플라이언스(주),087260,,,,,,,54,64,60
모트렉스(주),118990,,,,,,,270,342,318
무림에스피(주),001810,204,208,211,211,207,205,207,204,208
무림페이퍼(주),009200,576,559,556,535,510,395,436,469,475
무림피앤피(주),009580,594,614,654,668,656,621,642,664,674
문배철강(주),008420,71,73,75,75,77,68,66,61,64
미디어젠(주),279600,,,,,,,,,140
미래나노텍(주),095500,545,905,735,537,365,326,287,335,358
미래산업(주),025560,230,123,122,142,152,179,185,164,114
미스터블루(주),207760,,,,3,39,98,123,78,109
미원상사(주),002840,301,325,349,353,364,391,430,495,542
미원스페셜티케미칼(주),268280,,,,,,,375,411,418
미원홀딩스(주),107590,206,232,275,292,309,320,11,10,11
미원화학(주),134380,110,115,131,154,153,162,173,177,195
미창석유공업(주),003650,74,74,79,81,82,85,87,88,87
바디텍메드(주),206640,,,,1,249,290,287,322,321
바이온(주),032980,33,49,56,47,29,30,27,15,14
백광산업(주),001340,192,232,230,226,120,123,125,140,148
범양건영(주),002410,191,77,73,87,107,124,148,149,160
베뉴지(주),019010,354,169,165,182,204,184,275,224,204
보성파워텍(주),006910,191,189,172,111,121,133,170,157,137
보해양조(주),000890,386,370,367,410,390,399,277,220,217
부광약품(주),003000,553,536,542,613,617,617,604,627,638
부국철강(주),026940,82,79,72,72,68,66,67,61,56
부산산업(주),011390,43,44,45,46,40,45,43,41,46
부산주공(주),005030,352,343,341,364,355,636,332,287,289
브릿지바이오테라퓨틱스(주),288330,,,,,,,,,16
비디아이(주),148140,,,,,,,59,53,88
비에이치아이(주),083650,340,477,515,564,468,470,477,415,397
비케이탑스(주),030790,816,860,785,443,346,327,343,274,152
비플라이소프트(주),148780,,,,,,105,115,129,120
빛샘전자(주),072950,,110,106,94,94,95,87,95,93
사조동아원(주),008040,561,565,552,490,439,348,341,346,319
사조산업(주),007160,987,954,778,751,702,695,949,622,619
사조씨푸드(주),014710,,285,320,296,282,296,296,309,279
삼강엠앤티(주),100090,268,287,332,350,392,313,307,240,289
삼륭물산(주),014970,64,72,78,85,69,81,82,81,77
삼목에스폼(주),018310,175,166,236,267,277,265,300,288,261
삼보모터스(주),053700,367,391,420,429,440,453,475,479,479
삼보산업(주),009620,110,119,285,362,410,493,427,397,386
삼부토건(주),001470,611,577,498,453,409,350,325,317,317
삼성SDI(주),006400,7368,7486,8500,11370,11084,9115,9334,10390,11179
삼성공조(주),006660,364,355,346,327,283,237,231,227,212
삼성물산(주),028260,,,,4304,12083,10252,9422,9374,9119
삼성바이오로직스(주),207940,,,,,,1532,2119,2318,2587
삼성에스디에스(주),018260,,,,14139,13705,13038,12958,12677,12501
삼성엔지니어링(주),028050,6294,7249,7135,6888,6073,5212,4826,5142,5296
삼성전기(주),009150,11456,11940,12440,12738,11774,10667,10697,11721,11468
삼성전자(주),005930,101970,90700,95794,99382,96898,93200,99784,103011,105257
삼성제약(주),001360,231,232,214,208,205,212,207,207,211
삼성중공업(주),010140,13185,13504,13546,13788,13974,11897,10681,10114,10008
삼아알미늄(주),006110,257,270,265,272,278,265,269,275,285
삼아제약(주),009300,290,328,299,321,311,309,307,308,308
삼양식품(주),003230,1363,1271,1128,1106,1107,1243,1491,1469,1624
삼양통상(주),002170,229,242,249,294,285,291,291,274,265
삼영무역(주),002810,79,80,80,79,75,72,66,66,68
삼영엠텍(주),054540,195,191,173,161,141,131,121,125,143
삼영이엔씨(주),065570,252,292,270,281,265,257,281,270,280
삼영전자공업(주),005680,966,909,858,791,696,706,669,641,575
삼영화학공업(주),003720,273,274,272,263,215,221,216,199,182
삼익티에이치케이(주),004380,478,485,495,538,530,556,599,611,602
삼일제약(주),000520,366,375,392,395,379,383,402,416,431
삼정펄프(주),009770,323,326,321,320,303,300,304,233,224
삼지전자(주),037460,149,157,160,153,100,116,137,149,143
삼진제약(주),005500,571,564,595,608,635,640,663,687,706
삼천당제약(주),000250,323,304,319,338,364,367,388,385,402
삼천리자전거(주),024950,123,129,129,134,135,149,189,166,128
삼현철강(주),017480,154,144,119,104,88,94,96,97,93
삼호개발(주),010960,273,295,291,277,2218,2212,2018,2599,2873
삼화왕관(주),004450,182,189,193,192,186,185,193,206,220
삼화전기(주),009470,604,606,628,588,534,420,429,463,435
삼화전자공업(주),011230,169,154,141,136,123,123,116,120,116
삼화콘덴서공업(주),001820,435,355,395,376,366,365,367,589,595
삼화페인트공업(주),000390,797,824,889,898,947,923,880,908,923
상신브레이크(주),041650,635,637,637,640,641,644,672,675,657
상신이디피(주),091580,212,207,216,196,179,171,179,234,215
상신전자(주),263810,,,,,,,97,105,107
새론오토모티브(주),075180,317,341,341,363,395,395,393,400,362
샘표(주),007540,523,551,592,612,700,2,2,2,2
샘표식품(주),248170,,,,,,704,707,693,687
서암기계공업(주),100660,127,125,117,121,134,132,144,145,142
서울도시가스(주),017390,598,578,571,567,572,538,532,523,515
서울반도체(주),046890,1441,1328,1146,987,992,806,1096,1052,892
서울식품공업(주),004410,139,147,171,193,210,214,257,246,276
서울전자통신(주),027040,1374,1205,125,134,86,123,90,88,81
서호전기(주),065710,106,106,110,109,108,113,111,114,119
선도전기(주),007610,155,168,175,181,179,189,192,183,187
성문전자(주),014910,155,153,157,138,123,126,119,105,74
성보화학(주),003080,140,142,147,151,147,145,139,148,154
성신양회(주),004980,686,623,673,688,690,695,687,623,610
성우전자(주),081580,145,153,166,168,170,153,158,110,108
성우테크론(주),045300,246,236,210,234,239,236,248,230,226
성창기업지주(주),000180,69,78,71,91,66,67,75,40,38
성호전자(주),043260,120,113,113,115,83,77,75,63,69
세기상사(주),002420,43,44,45,43,41,38,38,32,21
세명전기공업(주),017510,97,94,99,91,90,84,82,79,75
세방(주),004360,819,790,773,740,725,716,750,721,717
세방전지(주),004490,764,818,817,865,915,921,918,1067,1074
세원이앤씨(주),091090,544,552,579,530,532,441,398,355,354
세종공업(주),033530,827,835,829,838,827,815,818,844,833
세종텔레콤(주),036630,261,236,222,220,286,271,277,282,453
세하(주),027970,277,273,268,258,216,217,222,221,246
소니드(주),060230,143,96,167,186,138,115,133,80,87
소프트캠프(주),258790,,,,,,,1,1,116
솔루스첨단소재(주),336370,,,,,,,,,226
솔브레인홀딩스(주),036830,967,1230,1353,963,965,1079,1089,1140,1243
송원산업(주),004430,447,467,535,548,540,578,630,661,678
스튜디오드래곤(주),253450,,,,,,,79,98,124
시그네틱스(주),033170,154,197,205,158,169,146,151,162,142
신대양제지(주),016590,147,158,168,168,169,172,177,167,148
신라교역(주),004970,514,561,544,552,553,548,529,572,622
신라섬유(주),001000,18,18,18,18,11,11,11,12,11
신라에스지(주),025870,176,169,172,179,187,185,199,185,159
신라젠(주),215600,,,,,,35,42,55,54
신성델타테크(주),065350,461,413,419,417,391,391,373,454,291
신성통상(주),005390,569,638,720,711,777,715,800,816,780
신세계건설(주),034300,414,426,429,511,648,687,711,774,743
신송홀딩스(주),006880,,,8,24,24,21,12,9,11
신신제약(주),002800,,,,,,,287,305,307
신원종합개발(주),017000,77,80,81,80,80,110,131,166,137
신일전자(주),002700,81,92,109,121,120,117,120,126,133
신일제약(주),012790,295,291,290,307,331,351,361,374,375
신풍제약(주),019170,874,835,835,828,840,793,765,767,767
신풍제지(주),002870,185,206,197,215,192,156,174,168,168
신화인터텍(주),056700,473,386,400,403,316,356,378,357,375
신흥에스이씨(주),243840,,,,,,,790,1367,1544
쌍용씨앤이(주),003410,1065,1015,993,983,996,904,1255,1245,1233
쌍용자동차(주),003620,4318,4365,4789,4829,4773,4833,4911,5003,5003
쌍용정보통신(주),010280,390,382,426,489,514,512,398,305,320
써니전자(주),004770,85,85,83,80,80,77,69,64,56
씨비아이(주),013720,128,129,128,116,112,114,98,109,104
씨아이에스(주),222080,,,,,,1,78,94,124
씨앤지하이테크(주),264660,,,,,,,,102,110
씨앤티85(주),056730,57,55,63,56,16,20,27,36,16
씨에스베어링(주),297090,,,,,,,,,127
씨에스윈드(주),112610,,,,78,95,93,69,65,85
씨제이(주),001040,108,48,43,48,56,34,28,58,65
씨제이대한통운(주),000120,4088,4094,5496,5301,5393,5412,5543,6350,6358
씨제이바이오사이언스(주),311690,,,,,,,,,76
씨제이씨지브이(주),079160,981,1076,1470,1482,1466,1525,1529,7302,7068
씨제이씨푸드(주),011150,283,308,301,330,398,402,384,453,462
씨제이제일제당(주),097950,5576,6002,5991,4794,5122,5396,6052,7384,7379
씨제이프레시웨이(주),051500,1279,1497,1772,2413,2844,3149,3545,6387,6972
씨케이에이치푸드앤헬스리미티드,900120,,,,,,,,,
씨큐브(주),101240,99,114,125,123,141,155,157,164,173
아남전자(주),008700,148,145,161,162,160,143,121,124,121
아미코젠(주),092040,,,75,106,113,133,143,169,182
아비코전자(주),036010,133,135,161,161,156,166,174,376,386
아세아(주),002030,463,469,10,11,11,11,12,14,12
아세아시멘트(주),183190,,,465,469,464,463,491,487,480
아세아제지(주),002310,175,172,260,256,253,251,264,260,256
아시아나아이디티(주),267850,,,,,,,,589,612
아시아나항공(주),020560,9073,9595,9946,10138,9125,8901,8948,8988,9155
아이쓰리시스템(주),214430,,,,,242,317,365,366,358
아이에스동서(주),010780,875,951,998,1032,1098,1234,1234,1355,1297
아이진(주),185490,,,,,38,55,55,57,60
아이큐어(주),175250,,,,,,,,162,236
아이크래프트(주),052460,77,73,91,90,107,127,135,127,139
아이텍(주),119830,208,200,187,192,191,211,215,225,269
아진산업(주),013310,,,,,630,690,679,670,675
안국약품(주),001540,450,463,481,496,606,522,481,500,461
알리코제약(주),260660,,,,,,,,141,150
알서포트(주),131370,1,1,184,206,225,226,201,188,210
알에스오토메이션(주),140670,,,,,,,229,192,185
알에프머트리얼즈(주),327260,,,,,,,,,102
알에프에이치아이씨(주),218410,,,,,,,246,255,269
압타바이오(주),293780,,,,,,,,,18
애경산업(주),018250,,,,,,,,863,934
애경케미칼(주),161000,,248,252,252,242,251,277,271,276
애니젠(주),196300,,,,,,42,62,81,92
애머릿지코퍼레이션,900100,,,,,,,,7,398
앱클론(주),174900,,,,,,,37,37,37
어보브반도체(주),102120,94,105,142,175,178,172,179,181,194
에스넷시스템(주),038680,256,240,222,258,247,203,212,248,297
에스디엔(주),099220,94,91,78,93,92,83,77,89,121
에스맥(주),097780,183,239,249,217,142,93,89,69,80
에스비더블유생명과학(주),151910,,228,304,427,449,250,239,182,160
에스비아이핀테크솔루션즈(주),950110,,,119,128,122,121,118,127,122
에스씨아이평가정보(주),036120,210,214,225,204,194,160,311,249,274
에스엔유프리시젼(주),080000,360,247,242,269,255,263,194,162,137
에스엔케이폴리텍(주),091340,79,77,73,73,75,75,81,102,95
에스엘(주),005850,1385,1433,1555,1587,1613,2180,2281,2350,4107
에스와이(주),109610,,,,,190,178,386,356,335
에스지씨에너지(주),005090,465,437,472,477,503,506,479,522,394
에스지씨이테크건설(주),016250,659,738,693,646,669,649,709,856,879
에스지에이(주),049470,150,135,204,160,129,200,173,142,177
에스지에이솔루션즈(주),184230,,,,2,92,145,152,117,126
에스지이(주),255220,,,,,,,,147,179
에스케이(주),034730,3819,4013,4344,4063,4120,4415,4512,3952,4086
에스케이가스(주),018670,268,286,291,297,324,347,382,465,467
에스케이네트웍스(주),001740,4085,3912,3661,3301,3174,3039,2226,2260,2213
에스케이디스커버리(주),006120,1592,1864,1757,1779,1677,1694,18,26,29
에스케이디앤디(주),210980,,,,,92,95,147,190,233
에스케이렌터카(주),068400,,354,374,414,496,402,373,361,365
에스케이씨(주),011790,1561,1624,1671,1739,1588,1279,1231,1218,1245
에스케이케미칼(주),285130,,,,,,,,1412,1556
에스케이텔레콤(주),017670,3955,4074,4192,4253,4046,4399,4498,4945,5425
에스케이하이닉스(주),000660,19601,20560,20756,21551,22139,22254,23412,25972,28244
에스텍(주),069510,323,321,330,360,343,341,334,333,348
에스트래픽(주),234300,,,,,,,109,119,138
에스티팜(주),237690,,,,,,498,452,437,474
에스퓨얼셀(주),288620,,,,,,,,32,43
에쓰-오일(주),010950,2622,2671,2749,2796,2865,3088,3277,3258,3224
에쓰씨엔지니어링(주),023960,110,130,161,172,178,163,156,153,152
에어부산(주),298690,,,,,,,,1367,1454
에이비엘바이오(주),298380,,,,,,,,48,76
에이에프더블류(주),312610,,,,,,,,,110
에이치디씨(주),012630,1794,1724,1609,1556,1614,1751,1781,20,18
에이치디씨랩스(주),039570,,,,,192,182,222,263,263
에이치디씨현대산업개발(주),294870,,,,,,,,1769,1705
에이치디씨현대이피(주),089470,337,360,373,374,378,385,398,393,388
에이치에스디엔진(주),082740,1283,1166,1018,1005,833,825,809,789,795
에이치엘비(주),028300,60,106,102,116,91,101,83,61,72
에이치엘비글로벌(주),003580,46,40,35,55,28,37,43,48,52
에이치엘비생명과학(주),067630,31,28,34,23,25,31,29,49,34
에이치엘비제약(주),047920,,,,,157,151,152,130,133
에이치엘비테라퓨틱스(주),115450,180,57,99,88,89,87,86,97,107
에이치엠엠(주),011200,1978,1621,1620,1296,1255,1153,1270,1307,1425
에이케이홀딩스(주),006840,243,12,12,11,11,14,15,18,20
에이테크솔루션(주),071670,469,511,490,494,436,426,415,391,369
에이프로젠제약(주),003060,183,154,169,99,96,98,101,100,108
에이피시스템(주),265520,,,,,,,551,539,481
에이피에스홀딩스(주),054620,280,311,357,362,365,435,29,61,65
에이피위성(주),211270,,,,,,124,141,149,143
에이피티씨(주),089970,,,,,,,,52,49
에코바이오홀딩스(주),038870,72,76,79,101,112,95,114,114,111
에코캡(주),128540,,,,,,,,220,254
에코플라스틱(주),038110,600,613,618,632,632,634,632,618,603
에프엔에스테크(주),083500,,,,,,,150,159,154
엑스큐어(주),070300,62,65,77,60,64,60,60,66,52
엔브이에이치코리아(주),067570,,,382,382,401,423,416,408,409
엔시트론(주),101400,72,66,59,36,35,37,40,38,29
엔에이치엔(주),181710,,,875,721,627,780,761,942,947
엔에이치엔한국사이버결제(주),060250,140,131,150,170,196,215,254,262,312
엔피씨(주),004250,243,278,285,295,297,329,326,329,282
엘브이엠씨홀딩스(주),900140,,,,,,,,56,54
엘비세미콘(주),061970,289,358,423,420,420,453,435,471,495
엘아이지넥스원(주),079550,,,,,3145,3219,3239,3156,3103
엘에스전선아시아(주),229640,,,,,,5,4,5,5
엘지디스플레이(주),034220,34803,34657,33643,32434,32603,32118,33335,30438,26665
엘지전자(주),066570,35286,36376,38363,37835,37902,37909,37653,37698,40110
엘컴텍(주),037950,281,221,261,64,69,74,69,51,53
엘티씨(주),170920,,,87,93,103,121,138,139,155
엠에프엠코리아(주),323230,,,,,,,,,3
엠케이전자(주),033160,234,254,268,268,274,271,282,266,273
영보화학(주),014440,263,275,277,269,280,281,309,291,280
영신금속공업(주),007530,311,343,364,387,406,430,475,276,274
영진약품(주),003520,530,574,544,605,595,612,622,616,646
영풍정밀(주),036560,263,272,249,245,219,203,201,209,236
영풍제지(주),006740,104,107,107,101,101,105,110,103,103
영화금속(주),012280,203,193,187,265,277,303,393,484,484
영화테크(주),265560,,,,,,,142,130,123
예스이십사(주),053280,417,418,419,385,383,380,443,483,533
오가닉티코스메틱스홀딩스컴퍼니리미티드,900300,,,,,,214,,292,286
오로라월드(주),039830,89,92,94,112,118,134,131,140,144
오상자이엘(주),053980,85,95,109,139,150,187,188,200,239
오성첨단소재(주),052420,304,276,254,232,153,151,135,84,98
오션브릿지(주),241790,,,,,,53,94,115,115
오스템임플란트(주),048260,935,895,902,910,1031,1350,1557,1667,1879
올리패스(주),244460,,,,,,,,,92
올릭스(주),226950,,,,,,,,40,50
옴니시스템(주),057540,159,107,200,233,244,248,272,259,260
옵티시스(주),109080,80,89,95,98,94,95,96,100,99
와이더블유(주),051390,55,68,76,67,28,15,15,19,20
와이아이케이(주),232140,,,,,1,1,119,132,116
와이엠씨(주),155650,,141,150,138,152,191,241,231,226
와이엠티(주),251370,,,,,,,133,136,148
와토스코리아(주),079000,79,78,92,90,96,97,111,111,111
우리바이오(주),082850,42,35,116,175,136,158,233,29,55
우리산업(주),215360,,,,,357,333,352,348,361
우리산업홀딩스(주),072470,294,298,351,354,4,14,15,14,16
우리손에프앤지농업회사법인(주),073560,,,,,,121,121,128,130
우리엔터프라이즈(주),037400,106,51,75,67,89,74,52,65,60
우리이앤엘(주),153490,,,300,152,144,151,131,86,84
우림피티에스(주),101170,105,113,125,138,127,135,167,191,174
우수AMS(주),066590,240,241,235,239,237,264,272,280,278
우원개발(주),046940,242,275,239,242,237,204,178,172,175
우진비앤지(주),018620,71,80,86,96,105,106,123,96,95
원텍(주),336570,,,,,,,,,1
원풍물산(주),008290,40,39,43,44,49,42,47,50,52
웰바이오텍(주),010600,40,34,34,37,39,33,34,41,37
웹케시(주),053580,,,,,,,,,210
위즈코프(주),038620,39,25,27,24,54,55,48,85,83
윈텍(주),320000,,,,,,,,,1
윙입푸드홀딩스,900340,,,,,,,,344,399
유네코(주),064510,,,,,,,,118,84
유니셈(주),036200,351,279,296,354,366,437,539,662,725
유니슨(주),018000,221,239,223,194,199,206,189,200,205
유니온머티리얼(주),047400,263,270,268,299,289,276,275,296,305
유니퀘스트(주),077500,107,102,62,169,162,148,157,161,172
유비벨록스(주),089850,385,375,325,251,247,250,261,284,277
유성기업(주),002920,710,706,716,718,702,665,641,634,635
유아이엘(주),049520,342,324,428,451,483,435,412,341,323
유엔젤(주),072130,212,232,254,216,202,201,204,206,197
유진기업(주),023410,808,628,583,591,610,676,819,680,667
율촌화학(주),008730,889,891,931,924,890,854,854,858,848
이건산업(주),008250,286,273,269,283,281,286,273,258,207
이구산업(주),025820,154,148,162,175,177,156,156,176,157
이노시스(주),056090,,,,,107,109,128,130,130
이니텍(주),053350,185,235,260,265,276,291,273,259,249
이스트아시아홀딩스인베스트먼트리미티드,900110,,,,,,,,,
이엠코리아(주),095190,212,253,292,306,307,253,239,256,262
이연제약(주),102460,318,312,306,314,350,340,373,417,476
이원다이애그노믹스(주),245620,,,,,,,,80,89
이원컴포텍(주),088290,84,94,119,147,148,98,89,50,56
이지케어텍(주),099750,,,,,,,,,358
이트론(주),096040,65,41,44,49,48,53,24,43,56
이화공영(주),001840,108,129,144,150,133,152,179,172,159
이화산업(주),000760,72,72,72,71,66,53,54,54,44
이화전기공업(주),024810,170,275,235,239,164,168,180,165,162
인베니아(주),079950,261,213,230,201,191,263,347,329,288
인선이엔티(주),060150,384,296,268,343,340,348,339,319,330
인지컨트롤스(주),023800,428,443,590,640,591,569,566,579,571
인천도시가스(주),034590,186,190,189,195,199,194,195,195,198
인크로스(주),216050,,,,,,156,157,168,175
인탑스(주),049070,718,881,998,915,763,601,591,718,804
인터지스(주),129260,561,592,554,572,577,551,546,441,495
인포뱅크(주),039290,247,252,225,214,188,128,124,153,157
인화정공(주),101930,77,76,80,75,78,77,75,75,77
일동제약(주),249420,,,,,,1408,1394,1401,1414
일동홀딩스(주),000230,1342,1341,1409,1441,1449,72,73,75,82
일성건설(주),013360,226,256,252,258,274,340,386,409,399
일성신약(주),003120,264,247,253,243,247,261,256,248,239
일신방직(주),003200,1096,1106,1119,1097,1113,1110,1020,859,716
일양약품(주),007570,653,607,574,591,632,615,622,624,631
일정실업(주),008500,154,148,142,147,153,144,138,143,124
일진다이아몬드(주),081000,391,395,402,432,420,434,434,400,388
일진디스플레이(주),020760,589,1634,1688,1080,786,450,488,494,399
일진머티리얼즈(주),020150,692,604,510,453,437,452,481,538,513
일진전기(주),103590,1015,1114,1065,1000,958,908,833,844,823
일진홀딩스(주),015860,18,14,10,11,12,14,8,9,18
잉글우드랩(주),950140,,,,,,168,,153,158
자이글(주),234920,,,,,,64,86,69,59
자이에스앤디(주),317400,,,,,,,,,2704
자화전자(주),033240,283,276,382,372,420,598,576,544,545
재영솔루텍(주),049630,322,298,294,285,290,290,296,227,159
전방(주),000950,872,856,875,815,699,586,426,382,302
전진바이오팜(주),110020,,,,,,,,24,27
제너셈(주),217190,,,,,73,76,82,99,118
제룡산업(주),147830,,64,75,65,63,56,37,48,44
제룡전기(주),033100,88,95,112,139,140,123,117,119,123
제이더블유생명과학(주),234080,,,,,,278,279,260,274
제이더블유신약(주),067290,258,244,247,257,226,259,317,274,288
제이더블유중외제약(주),001060,1092,1003,1067,1059,1095,1144,1125,1179,1223
제이더블유홀딩스(주),096760,112,118,168,157,161,152,141,154,154
제이스코홀딩스(주),023440,42,49,64,42,52,42,42,34,48
제이씨케미칼(주),137950,22,24,30,36,34,36,39,56,85
제이씨현시스템(주),033320,155,147,144,138,84,94,98,96,88
제이엔케이히터(주),126880,54,57,82,79,96,76,62,71,75
제이엠아이(주),033050,126,118,119,88,82,79,77,72,76
제이엠티(주),094970,251,246,281,286,300,201,120,15,8
제이준코스메틱(주),025620,163,140,139,116,34,88,183,179,221
제일약품(주),271980,,,,,,,945,970,964
제일연마공업(주),001560,103,99,96,98,86,80,82,81,73
제일파마홀딩스(주),002620,983,1003,1033,1104,1087,1011,40,39,40
조광아이엘아이(주),044060,95,97,88,100,125,115,113,113,153
조광페인트(주),004910,376,375,395,407,421,438,458,480,484
조광피혁(주),004700,246,241,220,215,198,193,188,165,157
조선내화(주),000480,557,561,558,550,557,557,574,632,633
조선선재(주),120030,119,120,129,127,133,130,130,124,122
조아제약(주),034940,248,252,261,259,270,267,268,281,280
조일알미늄(주),018470,343,340,344,365,384,393,384,406,401
주성엔지니어링(주),036930,705,497,441,386,358,393,449,457,450
줌인터넷(주),239340,,,,,,,,,186
지나인제약(주),078650,210,218,252,238,333,364,286,82,71
지니언스(주),263860,,,,,,,109,115,132
지더블유바이텍(주),036180,87,77,81,88,92,101,112,107,122
지에스건설(주),006360,7053,6647,6789,6583,6454,6210,7099,6831,6672
지에이치신소재(주),130500,,,85,85,84,81,75,138,126
지엔원에너지(주),270520,,,,,,,1,1,1
지엘팜텍(주),204840,,,,,,31,27,26,26
지엠비코리아(주),013870,,636,696,668,702,684,692,698,648
진양산업(주),003780,56,56,56,56,62,60,63,66,73
진양제약(주),007370,226,217,221,228,234,233,191,210,188
진양폴리우레탄(주),010640,55,48,51,45,23,32,38,44,46
진양화학(주),051630,171,159,171,167,158,136,97,101,92
진원생명과학(주),011000,27,24,24,22,27,31,28,36,37
진흥기업(주),002780,396,346,291,300,252,218,214,214,303
차이나크리스탈신소재홀딩스,900250,,,,,,186,,179,162
참엔지니어링(주),009310,317,221,235,243,263,268,311,291,254
참존글로벌(주),158310,,,66,55,29,26,15,19,19
참좋은여행(주),094850,188,200,243,291,321,334,351,333,374
카페24(주),042000,,,,,,,,1048,1125
커머스마이너 (주),223310,,,,,26,32,57,69,22
컨버즈(주),109070,115,93,79,82,82,91,144,131,33
컬러레이홀딩스,900310,,,,,,,,130,135
케이디켐(주),221980,,,,,36,39,41,42,43
케이만금세기차륜집단유한공사,900280,,,,,,393,,,524
케이비아이동국실업(주),001620,315,331,351,371,354,374,352,371,363
케이비아이메탈(주),024840,208,226,231,219,213,217,306,325,318
케이씨그린홀딩스(주),009440,24,26,31,28,35,30,24,23,16
케이씨코트렐(주),119650,206,231,264,249,215,202,201,230,274
케이알모터스(주),000040,264,249,237,291,255,176,128,123,84
케이에이치건설(주),226360,,,,,2,2,38,45,67
케이에이치전자(주),111870,109,65,49,49,50,46,44,48,49
케이엠제약(주),225430,,,,,,,,71,73
케이지이티에스(주),151860,,,143,147,142,142,144,136,155
케이지케미칼(주),001390,252,234,225,226,223,215,221,217,207
케이피엑스라이프사이언스(주),114450,65,65,62,61,52,60,62,61,59
케이피엑스케미칼(주),025000,242,257,253,298,280,296,297,294,296
케이피엑스홀딩스(주),092230,11,13,14,19,16,16,14,16,17
코나아이(주),052400,123,188,210,207,192,199,233,357,353
코드네이처(주),078940,49,41,31,15,17,10,8,17,22
코리아에프티(주),123410,,408,452,494,524,549,537,545,532
코스맥스(주),192820,,,,552,665,763,845,965,1022
코스맥스비티아이(주),044820,368,411,473,28,63,107,123,140,159
코스맥스엔비티(주),222040,,,,,280,387,409,522,542
코스모신소재(주),005070,333,363,360,340,314,290,291,287,290
코스모화학(주),005420,315,347,360,398,392,177,183,189,183
코아스템(주),166480,,,,,40,54,51,60,61
코오롱글로벌(주),003070,2487,2724,2697,2393,2584,2817,2837,2976,3078
코오롱생명과학(주),102940,138,305,331,398,396,421,474,543,489
코오롱인더스트리(주),120110,3426,3610,3825,3767,3742,3648,3713,3791,3974
코오롱티슈진(주),950160,,,,,,,76,71,55
코오롱플라스틱(주),138490,173,203,206,212,247,278,301,313,321
코웨이(주),021240,4265,4824,4776,4764,4781,4771,4879,4927,4988
코웰패션(주),033290,225,224,205,192,412,390,499,493,503
코위버(주),056360,103,112,123,129,125,131,131,153,156
콜마비앤에이치(주),200130,,,,,162,194,216,228,278
쿠쿠홀딩스(주),192400,,,,920,981,1178,33,40,42
쿠쿠홈시스(주),284740,,,,,,,,644,656
큐렉소(주),060280,40,41,34,30,29,30,46,59,62
크로바하이텍(주),043590,317,244,206,167,148,145,135,87,58
크루셜텍(주),114120,344,344,269,179,202,222,151,110,94
크리스탈지노믹스(주),083790,62,55,55,54,64,59,62,64,70
키네마스터(주),139670,68,85,100,105,101,93,84,13,78
태경산업(주),015890,212,256,257,251,251,238,228,279,313
태경케미컬(주),006890,79,76,75,76,81,86,90,101,91
태광산업(주),003240,1478,1653,1775,1645,1498,1399,1366,1394,1309
태림포장(주),011280,668,742,773,759,755,1084,1049,1046,1084
태양금속공업(주),004100,561,593,599,638,639,640,645,633,606
태원물산(주),001420,76,77,66,64,63,60,60,55,49
태평양물산(주),007980,454,525,512,605,616,655,661,533,492
테고사이언스(주),191420,,,,43,43,39,42,39,40
테라사이언스(주),073640,96,101,107,109,77,63,25,36,37
텔코웨어(주),078000,200,206,206,204,207,205,189,186,184
티와이엠(주),002900,677,676,697,685,685,685,665,699,660
티제이미디어(주),032540,197,213,204,204,208,221,237,221,227
티케이지애강(주),022220,176,159,162,134,119,123,140,126,136
티케이지휴켐스(주),069260,220,223,237,243,253,262,259,253,253
팅크웨어(주),084730,522,569,435,391,367,405,431,367,379
파나케이아(주),058530,84,83,84,86,100,87,85,75,58
파미셀(주),005690,102,100,142,133,124,118,115,121,120
팜젠사이언스(주),004720,171,190,202,212,222,250,250,254,268
패션플랫폼(주),225590,,,,,3,3,3,56,70
팬오션(주),028670,2349,2618,2305,1955,1964,1884,1007,1001,1001
퍼스텍(주),010820,351,352,371,397,406,423,412,387,364
펌텍코리아(주),251970,,,,,,,,,601
페이퍼코리아(주),001020,231,211,196,191,194,198,134,163,155
평화산업(주),090080,274,272,294,811,774,917,839,809,802
평화홀딩스(주),010770,54,51,55,65,72,57,111,99,90
포스코스틸리온(주),058430,375,357,350,355,369,354,377,408,422
포스코홀딩스(주),005490,17553,17623,17832,17877,17045,16584,17055,17150,17569
풍국주정공업(주),023900,45,47,45,43,41,39,38,43,44
피씨엘(주),241820,,,,,,,35,49,50
피앤씨테크(주),237750,,,,,,62,67,75,76
피에스케이(주),319660,,,,,,,,,263
피에스케이홀딩스(주),031980,136,152,173,207,235,246,267,307,56
피에스텍(주),002230,82,89,88,98,108,115,131,147,132
피에이치에이(주),043370,656,676,651,636,625,650,678,722,648
하나마이크론(주),067310,1386,1203,975,941,916,895,878,795,864
하나머티리얼즈(주),166090,,,,,,,373,528,545
하나제약(주),293480,,,,,,,,589,611
하이록코리아(주),013030,517,534,542,570,583,562,553,539,530
하이즈항공(주),221840,,,,,450,458,591,564,505
하이트진로(주),000080,3399,3446,3296,3323,3318,3339,2989,3083,3071
하이트진로홀딩스(주),000140,8,9,9,8,8,8,9,15,15
한국가스공사(주),036460,2815,2999,3202,3349,3412,3693,3775,4155,4288
한국공항(주),005430,3007,3058,3050,3149,3255,3160,2961,3046,3056
한국기업평가(주),034950,158,164,157,157,163,165,166,164,170
한국내화(주),010040,481,520,581,631,633,630,646,632,613
한국단자공업(주),025540,679,756,860,995,1043,1163,1224,1267,1233
한국맥널티(주),222980,,,,,101,140,150,148,151
한국석유공업(주),004090,134,128,134,141,144,155,158,170,171
한국선재(주),025550,224,230,219,211,183,187,185,184,190
한국수출포장공업(주),002200,277,296,295,312,312,304,302,412,408
한국쉘석유(주),002960,120,122,117,120,118,110,111,117,114
한국알콜산업(주),017890,146,140,134,140,146,149,153,150,157
한국앤컴퍼니(주),000240,6510,152,172,193,218,225,212,36,61
한국유나이티드제약(주),033270,663,661,661,728,728,818,833,834,873
한국유니온제약(주),080720,,,,,,,,212,190
한국전력공사(주),015760,19579,19568,20000,20223,20603,21560,22196,22595,23137
한국전력기술(주),052690,2174,2223,2299,2297,2260,2329,2233,2386,2332
한국전자금융(주),063570,489,541,470,491,456,427,461,601,519
한국전자인증(주),041460,140,128,135,125,92,96,91,93,98
한국정밀기계(주),101680,443,435,351,342,308,263,254,253,251
한국정보공학(주),039740,92,105,112,99,74,63,81,56,58
한국정보인증(주),053300,,,,86,76,71,70,64,80
한국정보통신(주),025770,164,180,189,204,229,263,248,247,247
한국조선해양(주),009540,24948,26255,27246,28291,27409,23077,16504,14785,652
한국주강(주),025890,116,111,97,105,104,71,105,44,45
한국주철관공업(주),000970,255,260,272,253,255,228,213,204,191
한국지역난방공사,071320,1250,1335,1420,1546,1635,1764,1831,2025,2142
한국철강(주),104700,741,688,548,549,556,551,549,527,514
한국컴퓨터(주),054040,312,294,297,282,252,218,149,105,82
한국콜마(주),161890,,,673,711,788,945,1010,1093,1217
한국콜마홀딩스(주),024720,642,671,72,77,69,66,79,102,74
한국타이어앤테크놀로지(주),161390,,6696,6995,7014,7019,6954,6862,6987,6736
한국프랜지공업(주),010100,530,543,534,515,532,522,529,480,486
한국항공우주산업(주),047810,3001,2970,3144,3231,3530,3905,4156,4621,4945
한국화장품(주),123690,172,132,120,111,104,101,100,92,59
한라아이엠에스(주),092460,139,145,147,153,152,148,144,150,176
한미반도체(주),042700,540,535,532,560,533,546,570,584,567
한미사이언스(주),008930,73,73,81,87,93,93,79,82,85
한미약품(주),128940,1919,1733,1786,1891,2095,2047,2230,2391,2411
한성기업(주),003680,551,567,541,602,605,631,626,789,754
한세실업(주),105630,633,699,645,647,668,623,595,601,644
한세엠케이(주),069640,365,386,363,356,302,263,241,213,205
한세예스24홀딩스(주),016450,14,15,15,15,16,15,20,26,29
한솔로지스틱스(주),009180,310,316,339,357,340,326,280,339,353
한솔아이원스(주),114810,,,279,311,363,393,519,608,538
한솔인티큐브(주),070590,302,257,301,274,263,254,241,212,216
한솔제지(주),213500,,,,,840,858,1038,1123,1146
한솔테크닉스(주),004710,1043,1001,719,889,802,816,773,744,652
한솔피엔에스(주),010420,319,243,207,199,198,203,202,200,211
한솔홀딩스(주),004150,896,890,887,863,25,26,29,34,37
한스바이오메드(주),042520,73,95,95,92,110,133,168,206,263
한신공영(주),004960,706,703,725,726,854,884,1362,1513,1157
한신기계공업(주),011700,91,89,99,94,95,90,97,98,92
한양디지텍(주),078350,38,52,41,49,43,42,46,48,47
한양이엔지(주),045100,554,539,600,650,689,709,803,888,896
한온시스템(주),018880,1859,1868,1970,2052,2136,2158,2220,2330,2272
한올바이오파마(주),009420,435,405,420,389,408,339,313,315,313
한일네트웍스(주),046110,114,130,158,137,130,140,168,181,179
한일단조공업(주),024740,192,205,199,210,207,202,217,200,177
한일사료(주),005860,82,87,93,88,86,85,78,79,81
한일시멘트(주),300720,,,,,,,,592,615
한일철강(주),002220,116,110,106,117,111,113,121,126,126
한일현대시멘트(주),006390,402,388,365,366,363,385,372,389,402
한일홀딩스(주),003300,627,634,623,630,626,616,599,21,22
한일화학공업(주),007770,103,95,103,98,98,105,104,108,110
한전산업개발(주),130660,3178,3929,4162,4217,4580,4014,3882,3678,3021
한전케이피에스(주),051600,5034,5131,5334,5384,5853,6070,6241,6195,6624
한창산업(주),079170,85,77,70,71,73,71,64,72,76
한화솔루션(주),009830,2319,2521,2698,2662,2417,2452,2455,2464,2554
한화시스템(주),272210,,,,,,,,,3610
한화에어로스페이스(주),012450,4977,5023,5078,4501,4407,4334,2559,1564,2036
해성디에스(주),195870,,,,,,782,909,993,1075
해성산업(주),034810,75,73,74,69,76,69,70,69,65
해성옵틱스(주),076610,,,140,162,180,172,178,192,95
해태제과식품(주),101530,,,,,,2444,2309,2280,2212
핸즈코퍼레이션(주),143210,,,,,,1499,1501,1446,1347
헝셩그룹유한회사,900270,,,,,,,,,
현대건설(주),000720,4211,7335,7468,7226,7131,7034,6797,6500,6360
현대건설기계(주),267270,,,,,,,1329,1453,1366
현대글로비스(주),086280,646,734,847,938,1026,1119,1207,1301,1392
현대두산인프라코어(주),042670,5291,5467,5554,5700,4041,2512,2562,2706,2848
현대로템(주),064350,,,3940,3837,3783,3575,3556,3616,3561
현대모비스(주),012330,6663,7085,7615,8068,8569,9065,9506,10013,10172
현대무벡스(주),319400,,,,,,,,,
현대바이오사이언스(주),048410,81,56,31,30,62,74,61,52,51
현대비앤지스틸(주),004560,451,460,436,457,445,451,459,459,452
현대약품(주),004310,478,421,389,381,387,396,397,405,398
현대에너지솔루션(주),322000,,,,,,,,,204
현대에이치티(주),039010,114,111,112,116,114,120,132,165,173
현대엘리베이터(주),017800,1213,1308,1405,1672,1874,2136,2144,2317,2700
현대오토에버(주),307950,,,,,,,,,1984
현대위아(주),011210,2328,2503,2674,3343,3447,3443,3333,3224,3073
현대일렉트릭앤에너지시스템(주),267260,,,,,,,2811,2560,2307
현대자동차(주),005380,57105,59831,63099,64956,66404,67517,68590,69402,70032
현대제철(주),004020,8468,8957,10663,10753,11263,11134,11111,11563,11574
현대코퍼레이션(주),011760,361,361,368,358,304,272,266,254,243
현대코퍼레이션홀딩스(주),227840,,,,,44,51,55,82,73
현우산업(주),092300,329,367,374,330,397,313,438,452,451
호전실업(주),111110,,,,,,,151,131,145
화성밸브(주),039610,235,215,219,229,205,211,275,216,222
화성산업(주),002460,300,538,409,467,346,332,342,319,319
화일약품(주),061250,93,98,137,139,137,129,123,132,142
화천기계(주),010660,309,325,318,341,351,345,338,341,328
화천기공(주),000850,318,329,327,326,334,344,336,343,336
환인제약(주),016580,410,399,423,441,446,445,469,462,488
효성아이티엑스(주),094280,5692,5911,6593,6865,7501,8546,8522,7716,7076
효성오앤비(주),097870,74,71,70,74,88,85,93,87,82
효성중공업(주),298040,,,,,,,,3452,3483
효성첨단소재(주),298050,,,,,,,,1012,1038
효성티앤씨(주),298020,,,,,,,,1518,1537
효성화학(주),298000,,,,,,,,1154,1165
휴림네트웍스(주),192410,,,,81,89,88,104,106,129
휴림로봇(주),090710,161,153,150,98,94,106,93,111,115
휴마시스(주),205470,,,,3,3,3,83,80,82
휴젤(주),145020,,,,,126,165,203,355,429
흥구석유(주),024060,128,117,109,108,99,96,93,84,79
흥아해운(주),003280,688,714,687,755,813,942,921,796,339
