,회사명,거래소코드,회계년도,이자보상배율,총자산증가율,유형자산증가율,유동자산증가율,자기자본증가율,매출액총이익율,매출액순이익율,자기자본순이익율,총자본정상영업이익율,매출액정상영업이익율,총자본순이익율,총자본회전율,재고자산회전율,매출채권회전율,유형자산회전율,매입채무회전율,자기자본회전율,타인자본회전율,유동자산회전율,유동비율,당좌비율,현금비율,부채비율,차입금의존도,CASH_FLOW_대_부채비율,CASH_FLOW_대_매출액비율,CASH_FLOW_대_차입금비율,자기자본구성비율,차입금비율,당좌자산구성비율,유동자산구성비율,매출채권_대_매입채무비율,단기차입금_대_총차입금비율,유동부채비율,타인자본구성비율,재고자산_대_유동자산비율,재고자산_대_순운전자본비율,순운전자본비율,노동장비율,기계장비율,자본집약도,설비투자효율,총자본투자효율,부가가치율,종업원수증가율,R & D 투자효율,무형자산개발비비율,경상개발비비율,직원감소율여부,통계청 한국표준산업분류 10차(소분류)
1008,(주)레이크머티리얼즈,281740,17-Dec,-4.74,-95.21,-55.79,-93.44,-94.28,,,,,,,,,,,,,,,,,,,,,,,,,,,,,,,,,,,,,,,,,,,,0,  기타 화학제품 제조업
1009,(주)레이크머티리얼즈,281740,18-Dec,-1.32,,,,,,,,,,,,,,,,,,,,,,,,,,,,,,,,,,,,,,,,,,,,,,,,0,  기타 화학제품 제조업
1010,(주)레이크머티리얼즈,281740,19-Dec,-4.32,,,,,,,,,,,,,,,,,,,,,,,,,,,,,,,,,,,,,,,,,,,,,,,,0,  기타 화학제품 제조업
1324,(주)베노홀딩스,206400,14-Dec,-2043.63,,,,,,,,,,,,,,,,,,,,,,,,,,,,,,,,,,,,,,,,,,,,,,,,0,  실내건축 및 건축마무리 공사업
1325,(주)베노홀딩스,206400,15-Dec,8.06,,,,,0,-42.35,-37.68,-2.5,-3.14,-33.72,0.8,,18.78,169.38,,0.9,6.82,0.87,1767.6,1767.6,648.05,13.22,3.58,-96.96,-14.22,-316.73,88.32,4.05,91.83,91.83,0,0,5.88,11.68,0,0,86.64,2.76,1.44,612.58,-4557.33,-21.43,-26.91,0,0,0,,0,  실내건축 및 건축마무리 공사업
1326,(주)베노홀딩스,206400,16-Dec,-5670.94,-20.5,3.16,-25.01,-24.44,0,-33.18,-34.14,-17.75,-20.01,-29.43,0.89,,15.43,166.71,,1.03,6.52,0.99,669.9,669.9,259.26,19.06,0.27,-121.58,-19.44,-7162.83,83.99,0.32,86.62,86.62,0,0,15.4,16.01,0,0,73.69,2244.69,0,367966.42,-1824.03,-11.13,-11.11,34.15,0,0,,1,  실내건축 및 건축마무리 공사업
1327,(주)베노홀딩스,206400,17-Dec,-1589.2,-12.2,26.9,-17.02,-20.82,0,-64.8,-81.35,-52.63,-52.94,-64.42,0.99,,12.65,134.88,,1.24,5,1.18,482.44,482.44,312.07,32.05,0.87,-187.29,-42.76,-5211.37,75.73,1.15,81.86,81.86,0,0,22.41,24.27,0,0,64.89,1800.85,0,204246.87,-1993.02,-17.57,-16.53,58.18,2.02,0,,1,  실내건축 및 건축마무리 공사업
1328,(주)베노홀딩스,206400,18-Dec,-8.56,39.47,-38.01,24.61,-48.79,0,-94.9,-142.88,-51.63,-72.79,-67.32,0.71,,6.64,118.93,,1.48,1.37,0.92,103.21,103.21,66.15,254.8,48.89,-67.51,-79.62,-99.18,28.19,173.46,73.14,73.14,0,0,251.43,71.81,0,0,2.27,3237.33,0,826091.8,-6902.26,-27.05,-44.42,-65.52,1.19,0,,0,  실내건축 및 건축마무리 공사업
1329,(주)베노홀딩스,206400,19-Dec,3.63,78.55,98.63,65.06,397.62,0,11.75,9.26,7.91,17.11,5.43,0.46,,7.03,109.99,,0.78,1.13,0.66,295.92,295.92,178.22,30.76,13.6,-52.26,-34.11,-90.39,76.47,17.79,67.61,67.61,0,96.6,29.88,23.53,0,0,44.77,13778.93,0,3160656.5,2774.57,12.1,33.56,-53.33,0,0,,0,  실내건축 및 건축마무리 공사업
1200,(주)모비스,250060,16-Dec,11111111.11,-98.35,-93.61,-96.71,-93.12,,,,,,,,,,,,,,,,,,,,,,,,,,,,,,,,,,,,,,,,,,,,0,"  컴퓨터 프로그래밍, 시스템 통합 및 관리업"
1201,(주)모비스,250060,17-Dec,-86.58,,,,,35.79,-114.21,-16.01,-9.12,-68.86,-15.13,0.13,60.78,121.92,11.42,176.87,0.14,2.42,0.19,3961.7,3949.54,584.92,5.8,0,-85.39,-35.32,0,94.52,0,70.82,71.03,145.08,0,1.9,5.48,0.31,0.31,69.24,8.72,1.23,751.44,-1558.36,-18.08,-136.42,0,27.29,,,1,"  컴퓨터 프로그래밍, 시스템 통합 및 관리업"
1202,(주)모비스,250060,18-Dec,-27.35,52.42,1260.33,26.47,42.74,26.81,-14.17,-1.38,-5.34,-59.01,-1.28,0.09,194.38,58.95,0.87,111.17,0.1,0.79,0.15,4621.18,4617.71,1915.18,12.98,7.25,-9.93,-12.61,-15.75,88.51,8.19,61.9,61.95,188.58,0,1.51,11.49,0.08,0.08,60.61,119181.33,0,1149946.62,72.39,7.5,82.93,0,20.38,0,,0,"  컴퓨터 프로그래밍, 시스템 통합 및 관리업"
1203,(주)모비스,250060,19-Dec,-19.87,54.03,10.57,24.53,6.61,50.46,-4.61,-2.35,-4.92,-14.21,-1.6,0.35,770.26,26.99,4.03,1025.77,0.42,2.01,0.63,487.61,487.18,109.28,26.65,4.77,-5.02,-3.7,-22.14,78.96,6.05,50.04,50.08,69865.15,0.49,13.01,21.04,0.09,0.11,39.81,112949.32,1050.14,1518184.43,298.33,22.2,77.67,16.67,30.7,0,,0,"  컴퓨터 프로그래밍, 시스템 통합 및 관리업"
1282,(주)바이오로그디바이스,208710,14-Dec,-2.43,7.4,-3.9,20.36,-10.78,,,,,,,,,,,,,,,,,,,,,,,,,,,,,,,,,,,,,,,,,,,,0,  전자부품 제조업
1283,(주)바이오로그디바이스,208710,15-Dec,20.95,,,,,25.62,7.9,12.28,13.54,12.78,8.36,1.06,28.17,5.68,2.6,11.91,1.56,3.32,2.02,227.51,211.22,116.23,46.83,17.4,101.3,30.5,185.71,68.11,25.54,48.74,52.5,209.78,49.32,33.88,31.89,7.16,12.78,29.43,39.99,32.94,907.09,91.38,37.21,35.13,0,1.84,0.01,,1,  전자부품 제조업
1284,(주)바이오로그디바이스,208710,16-Dec,33.64,24.26,33.13,19.52,26.92,23.12,9.48,19.87,16.48,11.41,13.7,1.44,41.34,4.71,3.41,11.75,2.1,4.65,2.81,175.68,164.27,15.6,43.76,9.15,47.85,11.17,159.18,69.56,13.15,47.22,50.5,268.54,81.5,41.32,30.44,6.49,15.08,21.75,579900.9,583653.15,1349764.08,117.6,50.52,38.76,14.71,1.81,0,,0,  전자부품 제조업
1285,(주)바이오로그디바이스,208710,17-Dec,9.96,21.43,8.38,21.25,15.46,21.51,4.91,8.77,11.42,9.51,5.9,1.2,26.86,3.87,2.93,11.29,1.78,3.68,2.38,319.25,284.71,123.36,52.43,21.57,23.09,7.25,36.83,65.6,32.88,44.96,50.42,331.59,13.74,24.07,34.4,10.82,15.75,34.63,540489.02,579803.07,1420520.24,100.65,38.3,34.96,15.38,1.91,0,,0,  전자부품 제조업
1286,(주)바이오로그디바이스,208710,18-Dec,6.72,19.76,-5.92,31.6,9.86,22.96,7.17,13.28,11.37,9.8,8.32,1.16,34.31,3.37,3.37,13.74,1.85,3.1,2.18,153.1,148.54,17.48,66.21,25.59,14.9,5.58,23.19,60.16,42.54,53.76,55.41,455.16,85.75,60.15,39.84,2.97,8.58,19.22,431672.86,549982.02,1562336.71,147.23,40.68,38.23,8.89,3.16,0,,0,  전자부품 제조업
1287,(주)바이오로그디바이스,208710,19-Dec,5.93,16.15,37.37,-15.74,20.86,21.79,6.79,11.98,8.52,7.79,7.42,1.09,33.84,3.33,3.25,9.92,1.77,2.86,2.31,117.67,104.23,18.39,58.41,20.47,38.6,14,69.52,63.13,32.43,35.6,40.19,192.07,86.75,54.11,36.87,11.42,76.06,6.04,597286.86,620765.92,1814665.51,116.16,38.23,37.6,0,2.43,0,,0,  전자부품 제조업
1324,(주)베노홀딩스,206400,14-Dec,-2043.63,,,,,,,,,,,,,,,,,,,,,,,,,,,,,,,,,,,,,,,,,,,,,,,,0,  실내건축 및 건축마무리 공사업
1325,(주)베노홀딩스,206400,15-Dec,8.06,,,,,0,-42.35,-37.68,-2.5,-3.14,-33.72,0.8,,18.78,169.38,,0.9,6.82,0.87,1767.6,1767.6,648.05,13.22,3.58,-96.96,-14.22,-316.73,88.32,4.05,91.83,91.83,0,0,5.88,11.68,0,0,86.64,2.76,1.44,612.58,-4557.33,-21.43,-26.91,0,0,0,,0,  실내건축 및 건축마무리 공사업
1326,(주)베노홀딩스,206400,16-Dec,-5670.94,-20.5,3.16,-25.01,-24.44,0,-33.18,-34.14,-17.75,-20.01,-29.43,0.89,,15.43,166.71,,1.03,6.52,0.99,669.9,669.9,259.26,19.06,0.27,-121.58,-19.44,-7162.83,83.99,0.32,86.62,86.62,0,0,15.4,16.01,0,0,73.69,2244.69,0,367966.42,-1824.03,-11.13,-11.11,34.15,0,0,,1,  실내건축 및 건축마무리 공사업
1327,(주)베노홀딩스,206400,17-Dec,-1589.2,-12.2,26.9,-17.02,-20.82,0,-64.8,-81.35,-52.63,-52.94,-64.42,0.99,,12.65,134.88,,1.24,5,1.18,482.44,482.44,312.07,32.05,0.87,-187.29,-42.76,-5211.37,75.73,1.15,81.86,81.86,0,0,22.41,24.27,0,0,64.89,1800.85,0,204246.87,-1993.02,-17.57,-16.53,58.18,2.02,0,,1,  실내건축 및 건축마무리 공사업
1328,(주)베노홀딩스,206400,18-Dec,-8.56,39.47,-38.01,24.61,-48.79,0,-94.9,-142.88,-51.63,-72.79,-67.32,0.71,,6.64,118.93,,1.48,1.37,0.92,103.21,103.21,66.15,254.8,48.89,-67.51,-79.62,-99.18,28.19,173.46,73.14,73.14,0,0,251.43,71.81,0,0,2.27,3237.33,0,826091.8,-6902.26,-27.05,-44.42,-65.52,1.19,0,,0,  실내건축 및 건축마무리 공사업
1329,(주)베노홀딩스,206400,19-Dec,3.63,78.55,98.63,65.06,397.62,0,11.75,9.26,7.91,17.11,5.43,0.46,,7.03,109.99,,0.78,1.13,0.66,295.92,295.92,178.22,30.76,13.6,-52.26,-34.11,-90.39,76.47,17.79,67.61,67.61,0,96.6,29.88,23.53,0,0,44.77,13778.93,0,3160656.5,2774.57,12.1,33.56,-53.33,0,0,,0,  실내건축 및 건축마무리 공사업
1346,(주)본느,226340,15-Dec,19.86,-97.81,-93.58,-95.21,-96.07,,,,,,,,,,,,,,,,,,,,,,,,,,,,,,,,,,,,,,,,,,,,0,  기타 화학제품 제조업
1347,(주)본느,226340,16-Dec,-0.68,,,,,,,,,,,,,,,,,,,,,,,,,,,,,,,,,,,,,,,,,,,,,,,,0,  기타 화학제품 제조업
1348,(주)본느,226340,17-Dec,-667.08,,,,,,,,,,,,,,,,,,,,,,,,,,,,,,,,,,,,,,,,,,,,,,,,0,  기타 화학제품 제조업
1349,(주)본느,226340,18-Dec,19.4,,,,,41.44,1.07,1.26,10,11.74,0.91,0.85,4.73,2.64,4.05,6.46,1.18,3.07,1.19,268.11,200.52,1.6,38.43,8.84,-58.77,-19.17,-184.67,72.24,12.23,53.37,71.36,244.48,0,36.84,27.76,25.21,40.21,44.74,212437.41,0,1009889.68,57.53,12.1,14.21,0,0.42,0,,1,  기타 화학제품 제조업
1350,(주)본느,226340,19-Dec,74.98,19.61,0.84,16.56,36.9,38.4,10.71,17.13,14.8,11.87,13.35,1.25,9.68,4.84,6.48,13.22,1.6,5.65,1.77,469.93,411.66,67.09,20.96,2.76,30.73,4.65,192.85,82.67,3.34,60.91,69.54,322.63,87.51,17.9,17.33,12.4,15.75,54.74,177649.68,0,1001681.46,147.34,26.13,22.83,20.59,0.59,0,,0,  기타 화학제품 제조업
1489,(주)삼기,122350,11-Dec,11111111.11,,,1189.76,1.91,,,,,,,,,,,,,,,,,,,,,,,,,,,,,,,,,,,,,,,,,,,,0,  자동차 신품 부품 제조업
1490,(주)삼기,122350,12-Dec,3.81,,,,,15.85,5.79,17.02,10.71,9.63,6.43,1.11,16.97,10.75,1.41,23.4,2.94,1.79,5.68,37.24,24.77,0.05,164.47,46.32,21.62,12.09,29.03,37.81,122.51,13.02,19.57,217.78,81.49,139,62.19,33.48,0,-32.98,317.35,158.36,430.84,37.62,26.58,23.9,0,0.46,0,,1,  자동차 신품 부품 제조업
1491,(주)삼기,122350,13-Dec,4.96,22.21,17.46,41.41,17.51,14.03,6.17,17.22,9.07,8.32,6.73,1.09,15.54,9.3,1.42,22.82,2.91,1.74,5.13,51.04,34.39,0.37,168.9,46.69,17.24,10.93,23.19,37.19,125.55,15.26,22.65,267.86,63.14,119.33,62.81,32.62,0,-21.73,285.95,151.11,401.55,38.56,26.8,27.05,4.37,0,0,,0,  자동차 신품 부품 제조업
1492,(주)삼기,122350,14-Dec,5.22,19.92,19.88,21.66,18.21,14.81,5.84,17.42,8.66,8.05,6.28,1.08,14.98,9.09,1.42,26.29,2.95,1.69,4.72,55.64,38.65,6.37,179.04,53.32,17.11,11.12,20.59,35.84,148.79,15.96,22.98,313.37,60.56,115.22,64.16,30.53,0,-18.32,385.47,199.85,532.51,36.94,25.39,25.72,67.3,0,0,,1,  자동차 신품 부품 제조업
1493,(주)삼기,122350,15-Dec,6.34,15.6,16.07,9.64,15.97,16.25,5.83,16.84,8.9,8.59,6.05,1.04,15.55,8.43,1.37,27.15,2.89,1.62,4.64,64.68,45.79,0.89,178.14,52.67,17.13,11.35,20.83,35.95,146.5,15.43,21.79,328.4,43.63,93.71,64.05,29.21,0,-11.9,389.38,191.18,547.19,38.27,27.14,28.07,12.95,0,0,,0,  자동차 신품 부품 제조업
1494,(주)삼기,122350,16-Dec,5.72,7.93,8.75,2.97,8.79,14.94,4.12,11.7,7.19,7.01,4.22,1.03,18.05,7.96,1.35,21.49,2.84,1.6,4.82,57.97,43.91,2.35,175.94,51.13,20.18,13.03,25.16,36.24,141.1,15.75,20.79,229.1,46.67,98.96,63.76,24.25,0,-15.07,418147.51,216762.84,576284.46,36.56,26.53,26.86,7.65,0,0,,0,  자동차 신품 부품 제조업
1495,(주)삼기,122350,17-Dec,3.01,9.41,4.55,27.44,6.42,13.95,3.72,9.45,4.12,4.55,3.38,0.91,16.84,7.28,1.21,17.61,2.54,1.41,4.01,46.3,35.42,6.25,183.69,52.53,17.34,12.95,21.38,35.25,149.01,18.53,24.22,254.58,78.78,148.37,64.75,23.5,0,-28.08,425253.25,227001.94,622364.86,36.52,24.96,28.78,1.31,0,0,,0,  자동차 신품 부품 제조업
1496,(주)삼기,122350,18-Dec,0.91,18.19,11.83,28.31,13.01,10.89,0.21,0.47,1.49,1.98,0.16,0.75,13.26,6.77,1.06,15.84,2.19,1.15,2.97,48.37,37.92,8.35,196.71,55.53,11.01,10.49,13.14,33.7,164.76,20.61,26.29,215.77,81.48,161.26,66.3,21.6,0,-28.06,501670.01,263277.97,832346.38,30.38,18.31,26.33,-11.62,0,0.02,,0,  자동차 신품 부품 제조업
1497,(주)삼기,122350,19-Dec,0.78,6.59,4.12,14.18,1.23,11.09,0.67,1.49,1.41,1.92,0.49,0.73,11.19,6.23,1.07,10.69,2.23,1.09,2.69,61.96,45.75,4.43,212.4,53.45,11.05,10.58,14.06,32.01,166.97,20.79,28.16,150.03,60.84,141.98,67.99,26.17,0,-17.29,532012.19,294321.16,861976.75,31.73,19.58,27.58,2.92,0,0,,0,  자동차 신품 부품 제조업
1690,(주)서진오토모티브,122690,11-Dec,11111111.11,-98.03,-94.68,-94.85,-95.84,,,,,,,,,,,,,,,,,,,,,,,,,,,,,,,,,,,,,,,,,,,,0,  자동차 신품 부품 제조업
1691,(주)서진오토모티브,122690,12-Dec,1.57,,,,,5.81,0.49,3.61,1.93,1.15,0.82,1.67,17.63,7.14,2.76,5.61,5.42,2.42,4.46,69.37,51.83,1.31,223.8,24.37,0.63,0.26,1.78,30.88,78.92,28.05,37.54,78.54,71.42,175.23,69.12,25.29,0,-16.58,167.23,43.45,418.73,40.05,23.43,14.01,0,0,0,,1,  자동차 신품 부품 제조업
1692,(주)서진오토모티브,122690,13-Dec,1.92,7.12,8.56,4.38,7.24,6.36,0.57,4.81,2.56,1.4,1.05,1.83,19.49,8.17,3,6.36,5.99,2.64,4.95,77.98,58.1,2,229.37,27.15,5.01,1.97,12.85,30.36,89.42,27.25,36.58,77.15,43,154.48,69.64,25.5,0,-10.33,244.59,76.63,576.31,48.74,27.72,15.64,-25.93,0,0,,0,  자동차 신품 부품 제조업
1693,(주)서진오토모티브,122690,14-Dec,2.3,11.22,10.71,12.62,-2.11,5.82,0.82,6.67,2.89,1.57,1.52,1.84,21.38,8.29,3.01,6.65,6.35,2.59,5,63.7,49.98,2.02,259.64,29.43,8.92,3.68,21.9,27.81,105.82,29.06,37.04,83.04,75.42,209.1,72.19,21.54,0,-21.1,271.07,71.2,641.73,45.15,26.19,14.97,5.71,0,0,,0,  자동차 신품 부품 제조업
1694,(주)서진오토모티브,122690,15-Dec,1.83,11.57,8.78,14.37,0.66,5.36,0.45,3.38,2.05,1.18,0.77,1.73,21.75,7.9,2.87,6.33,6.53,2.36,4.62,72.47,57.26,2.62,292.85,34.4,9.57,4.34,20.75,25.45,135.15,30,37.97,77.36,53.7,205.81,74.55,20.98,0,-14.42,290.44,85.89,704.65,43.22,24.18,14.71,0,0,0,,0,  자동차 신품 부품 제조업
1695,(주)서진오토모티브,122690,16-Dec,1.29,0.88,4.46,-7.24,1.02,5.4,0.32,1.83,1.51,0.96,0.5,1.58,17.9,7.97,2.61,6.16,6.16,2.13,4.34,61.93,44.72,1.79,286.09,36.74,9.33,4.39,18.81,25.9,141.84,25.21,34.91,77.27,69.73,217.64,74.1,27.8,0,-21.46,302.63,89.17,702.19,42.61,25.08,15.92,-2.36,0,0,,0,  자동차 신품 부품 제조업
1696,(주)서진오토모티브,122690,17-Dec,-0.73,0.98,-1.06,2.75,-9.74,3.99,-1.43,-9.16,-0.94,-0.62,-2.15,1.5,15.74,8.58,2.46,6.08,6.07,2,4.26,57.27,42.14,2.5,323.97,38.48,9.11,4.66,18.08,23.59,163.16,26.14,35.52,64.72,79.54,262.98,76.41,26.42,0,-26.5,1520064.84,1766313.2,2690350.4,33.31,18.82,12.59,6.57,0,0,,0,  자동차 신품 부품 제조업
1697,(주)서진오토모티브,122690,18-Dec,-0.83,4.6,3.33,-2.83,-10.94,3.65,-1.96,-16.23,-1.47,-0.97,-2.98,1.52,16.32,8.91,2.52,5.89,7.08,1.93,4.43,51.76,37.31,2.03,416.31,39.81,7.53,4.09,15.25,19.37,205.56,23.79,33,67.35,79.42,329.18,80.63,27.92,0,-30.76,363.09,114.71,850.2,32.2,18.28,12.31,-10.71,0,0,,0,  자동차 신품 부품 제조업
1698,(주)서진오토모티브,122690,19-Dec,0.31,0.52,0.26,3.1,-14.79,4.57,-1.18,-17.63,0.61,0.37,-1.94,1.65,17.76,8.86,2.76,6.21,8.96,2.02,4.92,49.08,35.57,2.15,475.78,39.66,5.88,2.96,12.26,17.37,228.37,24.53,33.85,72.67,89.7,397.11,82.63,27.52,0,-35.12,352.63,109.81,797.15,39.35,21.88,13.33,0.36,0,0,,0,  자동차 신품 부품 제조업
1798,(주)세토피아,222810,15-Dec,11111111.11,-96.89,-91.23,-92.96,-89.84,,,,,,,,,,,,,,,,,,,,,,,,,,,,,,,,,,,,,,,,,,,,0,  소프트웨어 개발 및 공급업
1799,(주)세토피아,222810,16-Dec,-37.02,,,,,15.81,-24.64,-25.64,-12.33,-21.25,-14.29,0.58,56.54,2.38,1.66,2.82,1.04,1.31,1.36,99.57,97.19,28.51,79.35,15.71,-8.58,-6.54,-24.15,55.76,28.18,41.76,42.79,118.58,0,77.07,44.24,2.4,0,-0.18,94.53,2.34,270.8,25.37,8.86,15.27,0,12.43,,,1,  소프트웨어 개발 및 공급업
1800,(주)세토피아,222810,17-Dec,-10.88,-26.22,-2.37,-37.3,-30.09,26.44,-35.61,-44.04,-4.31,-6.39,-24.01,0.67,33.79,2.86,1.7,3.47,1.24,1.48,1.68,80.91,73.55,19.98,89.27,21.3,-11.6,-6.89,-25.68,52.83,40.31,33.05,36.36,125.91,0,85.06,47.17,9.1,0,-8.58,71697.38,0,155210.7,49.6,22.91,28.86,28.72,9.53,,,1,  소프트웨어 개발 및 공급업
1801,(주)세토피아,222810,18-Dec,-3.02,162.96,-1.16,186.33,105.94,32.49,-88.93,-77.95,-14.57,-37.31,-34.72,0.39,26.65,4.22,1.54,5.02,0.88,0.7,1.01,68.12,66.81,42.3,141.67,44.39,-8.29,-18.04,-10.95,41.38,107.28,38.83,39.59,107.1,99.89,140.47,58.62,1.93,0,-18.53,70862.93,0,408146.66,-29.26,-5.08,-18.85,0,11.2,,,0,  소프트웨어 개발 및 공급업
1802,(주)세토피아,222810,19-Dec,-1.46,-4.23,-97.78,57.24,-83.42,36.83,-281.07,-1217.81,-11,-47.07,-65.66,0.23,605.78,9.68,40.49,11.3,4.35,0.25,0.34,80.97,80.93,4.43,1764.09,51.95,2.48,10.07,4.53,5.36,968.38,69.3,69.34,116.79,86.71,1596.29,94.64,0.06,0,-16.29,7132.84,0,1236311.04,-8222,-47.44,-203.06,0,10.11,0,,0,  소프트웨어 개발 및 공급업
1834,(주)셀바스헬스케어,208370,14-Dec,6.17,-88.2,-40.74,-72.85,-74.63,,,,,,,,,,,,,,,,,,,,,,,,,,,,,,,,,,,,,,,,,,,,0,  의료용 기기 제조업
1835,(주)셀바스헬스케어,208370,15-Dec,11111111.11,,,,,,,,,,,,,,,,,,,,,,,,,,,,,,,,,,,,,,,,,,,,,,,,0,  의료용 기기 제조업
1836,(주)셀바스헬스케어,208370,16-Dec,-13.61,,,,,39.72,-64.41,-55.25,-14.8,-29.16,-32.69,0.51,3.09,4.76,1.7,169.6,0.86,1.24,1.22,418.25,253.09,104.07,68.98,30.45,-33.53,-26.97,-44.96,59.18,51.45,25.21,41.66,3561.6,0,16.83,40.82,39.49,51.9,31.7,74071.49,35630.54,277327.18,-24.97,-6.67,-13.14,0,13.68,0,,0,  의료용 기기 제조업
1837,(주)셀바스헬스케어,208370,17-Dec,0.29,20.26,42.26,17.82,3.34,43.7,-3.77,-4.08,0.32,0.54,-2.23,0.59,4.03,3.97,1.8,44.36,1.08,1.3,1.43,106.5,72.14,15.68,96.65,42.23,-19.58,-17.8,-22.79,50.85,83.04,27.65,40.82,840.84,75.32,75.37,49.15,32.26,528.75,2.49,125388.71,36085.45,355171.42,61.94,21.87,40.44,-6.1,8.6,0,,0,  의료용 기기 제조업
1838,(주)셀바스헬스케어,208370,18-Dec,-16,-24.57,-5.26,-28.25,-47.49,18.63,-99.83,-94.26,-27.47,-65.81,-41.67,0.42,2.57,2.57,1.07,18.26,0.94,0.75,1.04,81.48,38.92,7.27,182.5,52.81,-21.01,-27.96,-25.7,35.4,149.19,18.54,38.82,552.01,71.66,134.6,64.6,52.24,0,-8.82,122.5,12,280,-21.98,-9.7,-19.98,-3.9,19.35,0,,0,  의료용 기기 제조업
1839,(주)셀바스헬스케어,208370,19-Dec,-3.71,14.17,-1.95,47.68,65.27,37.87,-14.89,-17.18,-7.64,-15.1,-7.53,0.51,3.37,5.66,1.23,38.65,1.15,0.9,1.13,142.86,113.33,78.16,95.16,41.34,-6.99,-7.18,-8.25,51.24,80.68,39.84,50.22,1495.91,72.12,68.6,48.76,20.67,68.89,15.06,158.67,11.89,427.48,44.49,16.94,35.7,-25.68,9.25,0,,0,  의료용 기기 제조업
1955,(주)스튜디오산타클로스엔터테인먼트,204630,14-Dec,11111111.11,-91.89,-72.21,-80.41,-79.44,,,,,,,,,,,,,,,,,,,,,,,,,,,,,,,,,,,,,,,,,,,,0,  창작 및 예술관련 서비스업
1956,(주)스튜디오산타클로스엔터테인먼트,204630,15-Dec,11.68,,,,,18.33,-32.86,-35.21,4.78,5.52,-28.44,0.87,10.87,14.44,6.2,,1.07,4.5,1.06,723.51,652.95,65.49,23.82,5.93,-64.41,-14.32,-209.02,80.76,7.34,73.66,81.62,0,0,13.97,19.24,9.75,11.32,70.34,128.16,6.87,918.43,-149.88,-20.91,-24.17,0,0.6,,,1,  창작 및 예술관련 서비스업
1957,(주)스튜디오산타클로스엔터테인먼트,204630,16-Dec,-1.08,133.69,107,109.16,123.54,25.32,-1.96,-1.39,-1.01,-1.99,-1,0.51,11.38,47.27,4.07,4584.83,0.67,2.08,0.62,1018.91,963.51,480.34,32.41,16.07,-6.01,-2.9,-9.16,75.52,21.28,77.63,82.1,9698.51,3.06,10.67,24.48,5.44,6.03,74.04,158771.87,0,1271766.22,61.92,7.73,15.22,73.08,0.5,0,,1,  창작 및 예술관련 서비스업
1958,(주)스튜디오산타클로스엔터테인먼트,204630,17-Dec,-0.74,-4.49,3.12,-19.41,5.66,21.22,-5.3,-5.29,-0.91,-1.1,-4.41,0.83,16.51,24.06,6.41,3433.68,1.04,4.08,1.1,1028.83,945.08,285.81,19.18,9.83,-56.92,-10.76,-93.22,83.91,11.71,63.63,69.27,15664.9,12.86,8.02,16.09,8.14,9.02,62.54,175414.33,0,1301415.29,61.74,8.32,9.78,-6.67,0.37,0,,0,  창작 및 예술관련 서비스업
1959,(주)스튜디오산타클로스엔터테인먼트,204630,18-Dec,-2.36,7.66,-1.63,-25.56,-2.59,33.3,-1.32,0.32,-2.14,-4.46,-0.63,0.48,9.32,5.47,3.74,2631.68,0.59,2.61,0.83,245.62,221.42,92.73,26.03,8.05,-49.05,-21.82,-125.75,79.35,10.15,43.18,47.9,0,93.67,24.58,20.65,9.85,16.62,28.4,140.25,2.62,1167.01,100.67,12.4,26.71,9.52,0.75,0,,0,  창작 및 예술관련 서비스업
1960,(주)스튜디오산타클로스엔터테인먼트,204630,19-Dec,-18.56,34.72,10.48,78.66,-11.42,0,-13.97,-12.79,-12.48,-21.23,-8.21,0.59,14.55,8.39,5.32,,0.92,1.62,1.03,138.18,130.48,60.34,91.93,7.35,-4.56,-4.27,-29.75,52.1,14.1,59.98,63.52,0,89.96,88.22,47.9,5.57,20.17,17.55,125107.16,0,1238668.95,51.48,5.2,10.15,39.13,0,0,,0,  창작 및 예술관련 서비스업
2091,(주)썸에이지,208640,14-Dec,-1.82,-1.82,-96.74,-24.3,-72.26,-93.31,,,,,,,,,,,,,,,,,,,,,,,,,,,,,,,,,,,,,,,,,,,0,  소프트웨어 개발 및 공급업
2092,(주)썸에이지,208640,15-Dec,-2.23,,,,,,,,,,,,,,,,,,,,,,,,,,,,,,,,,,,,,,,,,,,,,,,,0,  소프트웨어 개발 및 공급업
2093,(주)썸에이지,208640,16-Dec,-271.55,,,,,0,-118.92,-20.48,-4.1,-25.51,-19.09,0.16,,10.38,2.74,,0.18,1.9,0.19,1727.22,1727.22,244.77,9.23,2.99,-87.63,-46.11,-247.98,91.55,3.26,85.28,85.28,0,0,5.39,8.45,0,0,80.35,18903.92,0,322184.63,-92.91,-5.45,-33.95,0,25.81,0,,1,  소프트웨어 개발 및 공급업
2094,(주)썸에이지,208640,17-Dec,-139.54,-25.42,-82.98,-26.86,-20.79,0,-244.9,-27.49,-27.16,-251.39,-26.46,0.11,,8.58,2.75,,0.12,1.7,0.13,3287.88,3287.88,543.16,3.67,0,-577.3,-161.47,0,96.46,0,83.63,83.63,0,0,2.64,3.54,0,0,81.09,2476.24,0,184964.73,413.34,5.53,43.76,29.91,0,0,,1,  소프트웨어 개발 및 공급업
2095,(주)썸에이지,208640,18-Dec,-156.51,46.25,27.12,56.52,-66,0,-826.18,-151.21,-76.51,-745.09,-84.84,0.1,,6,8.32,,0.2,0.22,0.12,115.53,115.53,24.48,352.27,72.96,-50.07,-451.17,-53.46,22.11,329.98,89.5,89.5,0,0,350.37,77.89,0,0,12.03,3211.15,0,275962.46,-2560.78,-29.8,-344.69,-1.97,0,0,,0,  소프트웨어 개발 및 공급업
2096,(주)썸에이지,208640,19-Dec,-27.81,5.77,-38.71,5.23,177.92,0,-388.1,-76.84,-31.39,-363.99,-33.47,0.09,,5.19,9.45,,0.16,0.18,0.1,567.79,567.79,210.07,22.35,15.69,-221.39,-482.1,-257.73,81.73,19.2,89.04,89.04,0,85.34,19.19,18.27,0,0,73.36,1.57,0,1260.6,-906.59,-6.11,-72.88,-82.55,0,0,,0,  소프트웨어 개발 및 공급업
2097,(주)쎄노텍,222420,15-Dec,7.38,-74.45,5347.81,-71.31,-68.74,,,,,,,,,,,,,,,,,,,,,,,,,,,,,,,,,,,,,,,,,,,,0,  기타 비금속 광물제품 제조업
2098,(주)쎄노텍,222420,16-Dec,17.01,,,,,34.77,7.36,8.49,12.78,16.26,5.78,0.79,3.04,3.62,1.97,12.76,1.15,2.47,1.42,237.44,126.87,23.27,46.78,20.65,27.47,11.14,42.39,68.13,30.31,29.63,55.45,352.37,69.19,34.28,31.87,46.57,80.45,32.1,250.29,85.26,630.78,48.08,19.08,24.27,0,3.25,,,0,  기타 비금속 광물제품 제조업
2099,(주)쎄노텍,222420,17-Dec,13.62,6.49,-1.49,12.27,11.76,29.02,5.78,6.35,7.78,10.14,4.44,0.77,2.86,3.46,2,14.49,1.1,2.55,1.35,389.28,204.18,25.56,39.86,20.77,15.23,5.84,20.9,71.5,29.05,30.66,58.46,503.73,42.59,21,28.5,47.55,63.99,43.44,256892.97,151610.6,697553.26,46.36,17.07,22.95,-3.7,3.55,,,0,  기타 비금속 광물제품 제조업
2100,(주)쎄노텍,222420,18-Dec,-3.58,29.53,65.64,6.09,-5.81,18.95,-8.43,-7.32,-2.52,-4.79,-4.43,0.53,1.81,3.54,1.23,16.2,0.87,1.33,1,258.48,97.22,20.67,92.34,40.05,1.21,1.24,1.45,51.99,77.04,18.01,47.88,389.54,36.06,35.63,48.01,62.39,101.76,29.36,308378.63,127635.84,704745.21,11.31,4.95,10.63,28.21,4.07,,,1,  기타 비금속 광물제품 제조업
2101,(주)쎄노텍,222420,19-Dec,-0.18,20.98,65.54,-22.16,-4.81,22.59,-7.64,-6.03,-0.14,-0.4,-2.77,0.36,1.53,4.09,0.64,20.98,0.79,0.67,0.94,113.18,44.99,5.15,144.45,52.24,1.49,2.67,1.69,40.91,127.69,12.25,30.8,696.98,42.14,66.53,59.09,60.25,517.3,3.59,454932.91,181200.15,789469.11,10.01,5.77,17.44,8,4.04,,,0,  기타 비금속 광물제품 제조업
2325,(주)아이엘사이언스,307180,18-Dec,-14.88,-93.3,48.95,-88.42,-91.88,,,,,,,,,,,,,,,,,,,,,,,,,,,,,,,,,,,,,,,,,,,,0,  전구 및 조명장치 제조업
2326,(주)아이엘사이언스,307180,19-Dec,3.67,,,,,25.64,-13.44,-22.4,4.02,5.39,-10.02,0.75,35.86,2.4,2.04,5.89,1.67,1.35,1.24,193.7,187.03,80.89,123.61,35.02,-5.26,-3.91,-8.31,44.72,78.32,58.26,60.34,245.44,31.42,69.66,55.28,3.44,7.12,29.19,137.71,5.67,533.63,19.95,5.15,6.91,0,1.15,,,0,  전구 및 조명장치 제조업
2411,(주)알로이스,297570,18-Dec,-1.6,,,,,,,,,,,,,,,,,,,,,,,,,,,,,,,,,,,,,,,,,,,,,,,,0,  통신 및 방송 장비 제조업
2412,(주)알로이스,297570,19-Dec,42.24,,,,,26.6,-13.32,-24.33,19.02,13.77,-18.4,1.38,9.99,2.82,128.99,50.79,1.83,5.66,1.42,461.26,395.89,40.19,32.27,15.62,-21.38,-3.78,-33.39,75.61,20.67,83.75,97.58,1801.63,87.96,27.98,24.39,14.17,18.09,76.42,8.36,0.73,780.48,-220.47,-2.36,-1.71,0,5.82,,,0,  통신 및 방송 장비 제조업
2446,(주)알톤스포츠,123750,11-Dec,2.54,-14.87,5.05,-31.71,-41.94,31.94,2.41,3.95,5.42,5.64,2.31,0.96,6.29,8.78,3.49,15.92,1.73,2.17,1.58,145.97,109.28,10.75,79.57,33.09,3.88,1.79,5.19,55.69,59.42,45.55,60.84,181.37,0,74.85,44.31,25.13,79.81,19.16,162.41,0.07,648.77,60.99,16.78,17.45,0,0.74,0,,0,  그 외 기타 운송장비 제조업
2447,(주)알톤스포츠,123750,12-Dec,3.71,-12.41,4.6,-24.08,3.23,31.79,5.64,9.2,5.83,6.07,5.42,0.96,5.39,10.69,3.2,20.05,1.59,2.44,1.68,171.89,104.42,62.27,50.93,23.81,13.07,4.28,18.52,66.25,35.94,32.04,52.74,200.26,98.02,46.31,33.75,39.25,93.85,22.06,152.39,0.04,503.51,64.52,21.2,20.6,13,0.84,0,,0,  그 외 기타 운송장비 제조업
2448,(주)알톤스포츠,123750,13-Dec,5.07,5.09,-1.26,11.77,9.6,32.55,4.21,5.97,5.12,5.47,3.94,0.94,4.79,13.2,2.93,15.54,1.38,2.89,1.72,197.44,132.56,69.58,45.21,15.99,28.83,9.84,56.13,68.86,23.23,37.66,56.09,86.85,97,41.26,31.14,32.86,66.58,27.68,152.59,2.06,542.35,60.98,18.83,20.63,-1.77,0.56,0,,0,  그 외 기타 운송장비 제조업
2449,(주)알톤스포츠,123750,14-Dec,20.38,13.21,-8.41,20.94,20.05,36.5,9.24,12.44,11.88,12.48,8.8,0.95,4.91,16.6,3.43,12.74,1.34,3.27,1.64,229.3,151.75,58.95,37.76,15.27,32.18,9.84,57.75,72.59,21.04,39.66,59.92,65.05,0,36,27.41,33.82,59.98,33.79,126.48,1.8,565.8,107.32,26.33,29.36,7.21,0.5,0,,0,  그 외 기타 운송장비 제조업
2450,(주)알톤스포츠,123750,15-Dec,-10.37,-7.25,8.36,-17.2,-6.52,31.78,-5.81,-6.58,-3.3,-3.89,-4.92,0.85,4.7,14.98,3.13,17.7,1.16,3.12,1.49,201.46,142.53,77.62,36.92,20.51,-3.66,-1.12,-4.81,73.04,28.09,37.84,53.49,246.99,0,36.35,26.96,29.25,58.08,26.94,102.34,3,367.12,56.71,14.62,16.6,24.37,0.81,0,,1,  그 외 기타 운송장비 제조업
2451,(주)알톤스포츠,123750,16-Dec,-9.65,15.77,-16.85,34.44,1.12,31.97,-8.58,-8.69,-7.67,-11.14,-5.91,0.69,2.76,5.81,2.78,13.26,1.01,2.16,1.18,171.68,80.57,10.67,56.76,26.93,-55.68,-31.42,-74.86,63.79,42.22,29.15,62.12,221.6,0,56.72,36.21,53.07,127.11,25.93,98803.28,17072.31,611222.18,51.81,8.38,13.05,-9.46,1.29,0,,0,  그 외 기타 운송장비 제조업
2452,(주)알톤스포츠,123750,17-Dec,-14.42,-27.8,-18.31,-21.37,-41.9,17.77,-49.06,-51.7,-18.72,-30.38,-30.23,0.62,1.93,3.72,2.78,9.07,1.05,1.49,0.96,139.35,76.28,23.23,94.55,39.24,-45.13,-29.85,-55.9,51.4,76.33,37.03,67.65,278.74,0,94.45,48.6,45.26,160.28,19.11,111410.31,37623.48,480744.89,-73.44,-17.02,-23.16,-8.21,1.64,0,,0,  그 외 기타 운송장비 제조업
2453,(주)알톤스포츠,123750,18-Dec,-1.12,-9.01,-9.72,-8.54,-7.19,21.4,-4.65,-7.81,-2.11,-2.43,-4.04,0.87,3.22,4.06,3.68,14.77,1.68,1.8,1.28,142.74,94.42,21.2,91.31,37.69,2.11,1.11,2.68,52.27,72.11,44.98,68,470.52,0,91.13,47.73,33.86,113.07,20.36,103705.18,37084.67,452154.26,77.54,17.78,19.5,-3.25,1.21,0,,0,  그 외 기타 운송장비 제조업
2454,(주)알톤스포츠,123750,19-Dec,-10.78,-37.36,-79.21,-23.05,-43.59,13.36,-39.18,-55.55,-24.27,-34.05,-27.92,0.71,3.2,3.28,4.07,10.31,1.42,1.43,0.96,164.22,122.85,55,112.44,29.09,17.97,10.28,32.7,47.07,61.8,62.48,83.53,165.86,93.57,108.05,52.93,25.2,64.43,32.67,1.79,51791.45,296.16,-152.07,-11.89,-12.85,-30.25,2.21,0,,0,  그 외 기타 운송장비 제조업
2848,(주)엑셈,205100,14-Dec,-4.27,-84.07,-44.88,-57.12,-60.18,,,,,,,,,,,,,,,,,,,,,,,,,,,,,,,,,,,,,,,,,,,,0,  소프트웨어 개발 및 공급업
2849,(주)엑셈,205100,15-Dec,27.81,,,,,62.26,-40.06,-34.93,12.39,22.37,-22.19,0.55,,3.37,3.22,,0.7,2.73,1.07,343.38,343.38,221.15,25.49,2.82,55.24,20.26,398.24,79.68,3.54,51.69,51.69,0,13.73,18.89,20.32,0,0,36.63,47.66,0,259.86,14.31,2.42,4.37,0,8.84,0,,1,  소프트웨어 개발 및 공급업
2850,(주)엑셈,205100,16-Dec,2.24,47.72,35.34,73.89,10.64,50.73,9.32,8.82,2.98,5,5.56,0.6,,3.36,3.65,14.96,0.88,1.84,1.04,323.63,323.63,192.2,68.24,19.82,15.61,12.66,31.94,59.44,33.34,60.84,60.84,278.11,0,31.63,40.56,0,0,42.04,47996.41,0,304412.77,173.76,27.4,54.79,56.03,11.52,0,,1,  소프트웨어 개발 및 공급업
2851,(주)엑셈,205100,17-Dec,10.38,12.02,38.62,1.74,54.39,56.43,-0.09,-1.26,9.27,16.06,-0.05,0.58,,3.6,3.25,10.87,0.83,1.9,1,384.02,384.02,190.02,27.13,7.39,35.01,13.68,101.09,78.66,9.39,55.26,55.26,336.52,34.22,18.29,21.34,0,0,40.87,63380.33,0,324842.3,132.72,25.9,47.4,4.97,13.74,0,,0,  소프트웨어 개발 및 공급업
2852,(주)엑셈,205100,18-Dec,21.79,26,6.55,51.73,36.68,59.49,19.39,11.6,6.44,13.89,9,0.46,,4.6,2.6,23.39,0.57,2.48,0.75,483.56,483.56,223.88,19.98,7.31,51.69,20.69,117.81,83.35,8.77,66.54,66.54,2273.17,82.4,16.51,16.65,0,0,52.78,66783.28,0,405045.49,191.63,31.6,75.93,1.05,16.21,0,,0,  소프트웨어 개발 및 공급업
2853,(주)엑셈,205100,19-Dec,40.41,10.63,25.99,11.36,11.4,58.22,14.14,7.47,7.71,18.33,5.95,0.42,2770.42,5.36,2.38,67.63,0.5,2.54,0.63,673.01,672.72,395.5,19.77,5.69,51.26,21.13,148.59,83.49,6.82,66.95,66.98,938.82,6.92,11.92,16.51,0.04,0.05,57.03,66051.53,0,436735.91,178.33,26.97,67.35,2.6,13.52,0,,0,  소프트웨어 개발 및 공급업
3409,(주)위메이드플레이,123420,11-Dec,-3,-0.71,20.12,-14.21,3.81,,,,,,,,,,,,,,,,,,,,,,,,,,,,,,,,,,,,,,,,,,,,0,  소프트웨어 개발 및 공급업
3410,(주)위메이드플레이,123420,12-Dec,-1.74,,,,,,,,,,,,,,,,,,,,,,,,,,,,,,,,,,,,,,,,,,,,,,,,0,  소프트웨어 개발 및 공급업
3411,(주)위메이드플레이,123420,13-Dec,64.79,,,,,0,29.3,33.12,35.07,36.38,28.24,0.96,,11.22,227.05,,1.13,6.54,0.99,707.71,707.71,246.88,17.29,0,245.94,37.62,0,85.26,0,97.83,97.83,0,0,16.21,14.74,0,0,84.01,3.81,1.33,898.24,9195.29,39.03,40.5,0,0,,,0,  소프트웨어 개발 및 공급업
3412,(주)위메이드플레이,123420,14-Dec,4650.13,121.7,76.41,119.53,102.42,0,33.52,56.73,55.66,42.33,44.08,1.32,,17.29,374.25,,1.69,5.93,1.36,457.67,457.67,14.58,28.51,0,246.17,41.53,0,77.82,0,96.96,96.96,0,0,27.22,22.18,0,0,75.77,5.07,2.17,1500.36,17664.59,62.07,47.2,32.73,0.25,0,,1,  소프트웨어 개발 및 공급업
3413,(주)위메이드플레이,123420,15-Dec,11111111.11,5.26,136.52,0.37,22.75,0,25.86,21.47,22.69,32.02,18.31,0.71,,12.21,122.96,,0.84,4.59,0.75,1186.11,1186.11,44.08,9.89,0,337.78,44.01,0,91,0,92.46,92.46,0,0,8.57,9,0,0,84.66,7.81,4.43,1015.92,3787.15,29.9,43.3,54.79,1.97,0,,1,  소프트웨어 개발 및 공급업
3414,(주)위메이드플레이,123420,16-Dec,11111111.11,16.19,17.46,9.03,13.88,0,20.2,13.42,13.98,22.54,12.52,0.62,,13.93,78.06,,0.69,6.36,0.69,984.01,984.01,44.09,11.61,0,96.5,17.4,0,89.6,0,86.76,86.76,0,0,9.84,10.4,0,0,77.94,6112.53,0,765753.49,2731.87,21.81,37.81,54.87,2.4,0,,1,  소프트웨어 개발 및 공급업
3415,(주)위메이드플레이,123420,17-Dec,11111111.11,2.7,58.87,-14.04,6.84,0,19.47,11.12,9.22,17.23,10.42,0.53,,12.91,52.48,,0.59,6,0.67,1303.09,1303.09,257.02,8.07,0,128.94,18.24,0,92.53,0,72.62,72.62,0,0,6.02,7.47,0,0,67.05,8850.92,0,716775.69,1467.17,18.12,34.32,9.71,6.54,0,,0,  소프트웨어 개발 및 공급업
3416,(주)위메이드플레이,123420,18-Dec,11111111.11,10.82,32.03,-2.48,7.56,0,11.54,7.51,5.9,9.95,6.84,0.59,,14.74,43.61,,0.65,6.66,0.87,706.64,706.64,143.01,11.34,0,62.88,11.36,0,89.82,0,63.91,63.91,0,0,10.07,10.18,0,0,54.86,9671.1,0,657364.02,1060.63,15.6,27.68,20.83,8.69,0,,1,  소프트웨어 개발 및 공급업
3417,(주)위메이드플레이,123420,19-Dec,16.24,1.89,126.88,25.91,-0.13,0,3.51,2.16,1.79,3.27,1.92,0.55,,10.28,23.02,,0.62,4.94,0.77,833.67,833.67,113.5,13.6,2.11,38.09,8.4,216.59,88.03,2.39,78.97,78.97,0,30.92,10.76,11.97,0,0,69.5,18511.01,0,565074.68,562.06,18.41,33.9,18.53,10.93,0,,0,  소프트웨어 개발 및 공급업
3597,(주)이노인스트루먼트,215790,15-Dec,11111111.11,-90.82,-54.45,-84.23,-86.27,,,,,,,,,,,,,,,,,,,,,,,,,,,,,,,,,,,,,,,,,,,,0,  통신 및 방송 장비 제조업
3598,(주)이노인스트루먼트,215790,16-Dec,11111111.11,,,,,,,,,,,,,,,,,,,,,,,,,,,,,,,,,,,,,,,,,,,,,,,,0,  통신 및 방송 장비 제조업
3599,(주)이노인스트루먼트,215790,17-Dec,20.03,,,,,59.6,6.14,7.02,9.54,11.36,5.16,0.84,3.97,3.3,3.13,15.91,1.13,3.28,1.21,379.82,264.23,77.27,34.39,13.67,18.94,5.77,35.47,74.41,18.37,48.36,69.52,482.68,64.75,24.6,25.59,30.43,41.31,51.22,213315.11,102424.88,1255559.09,192.53,32.71,38.96,0,5.6,0,,0,  통신 및 방송 장비 제조업
3600,(주)이노인스트루먼트,215790,18-Dec,-2.47,45.86,96.67,15.23,-1.72,56.98,-8.49,-6.99,-4.89,-9.84,-4.23,0.5,2.45,2.64,1.54,11.31,0.83,1.24,0.82,300.93,192.91,76.6,99.56,36.52,0.16,0.19,0.21,50.11,72.88,35.21,54.92,377.84,30.69,36.42,49.89,35.9,53.76,36.67,354718.4,108528.53,1253072.3,61.93,17.53,41.82,46.15,5.81,0,,1,  통신 및 방송 장비 제조업
3601,(주)이노인스트루먼트,215790,19-Dec,-5.88,-10.89,-7.91,-26.07,-37.87,40.95,-55.9,-50.28,-15.57,-40.3,-21.6,0.39,2.12,2.9,1.05,7.96,0.9,0.68,0.76,75.84,48.2,15.94,186.23,47.06,-3.08,-4.89,-4.26,34.94,134.69,28.96,45.57,201.05,91.53,171.98,65.06,36.44,0,-14.52,450725.76,190617.75,1583260.39,2.39,0.68,1.66,-29.47,4.46,0,,0,  통신 및 방송 장비 제조업
3620,(주)이랜시스,264850,17-Dec,-0.92,,,,,,,,,,,,,,,,,,,,,,,,,,,,,,,,,,,,,,,,,,,,,,,,0,  전자부품 제조업
3621,(주)이랜시스,264850,18-Dec,-1.52,,,,,,,,,,,,,,,,,,,,,,,,,,,,,,,,,,,,,,,,,,,,,,,,0,  전자부품 제조업
3622,(주)이랜시스,264850,19-Dec,15.32,,,,,17.62,2.09,4.52,8.79,7.84,2.35,1.12,8.18,5.05,3.18,9.67,2.16,2.33,1.99,181.19,137.07,7.2,92.58,28.24,5.69,2.44,9.69,51.93,54.38,42.6,56.32,191.48,48.4,59.85,48.07,24.35,54.34,25.24,68042.22,46130.08,304651.68,108.51,24.24,21.6,0,3.01,0,,0,  전자부품 제조업
3829,(주)인산가,277410,17-Dec,-0.3,,,,,,,,,,,,,,,,,,,,,,,,,,,,,,,,,,,,,,,,,,,,,,,,0,  기타 식품 제조업
3830,(주)인산가,277410,18-Dec,9.34,,,,,66.04,-3.69,-3.95,12.07,16.71,-2.66,0.72,5.17,29.05,1.69,67.12,1.04,2.35,1.57,200.8,139.92,41.39,44.26,20.9,25.79,10.95,37.87,69.32,30.15,32.15,46.14,231.02,67.71,33.14,30.68,30.32,60.4,23.16,57.09,2.03,212.57,68.45,24.47,33.86,0,0.52,0,,1,  기타 식품 제조업
3831,(주)인산가,277410,19-Dec,57.43,42.54,33.17,66.04,27.06,65.03,12.2,11.45,9.43,15.44,7.45,0.61,4.58,29.28,1.49,85.5,0.94,1.74,1.21,334.93,254.74,146.32,61.89,30.81,17.23,12.68,21.38,61.77,49.88,40.87,53.74,392.09,31.52,25.98,38.23,23.94,34.13,37.7,63.98,3.97,287.18,103.93,29.53,56.82,7.19,0.55,0,,0,  기타 식품 제조업
4167,(주)지니틱스,303030,18-Dec,-1.09,,,,,,,,,,,,,,,,,,,,,,,,,,,,,,,,,,,,,,,,,,,,,,,,0,  반도체 제조업
4168,(주)지니틱스,303030,19-Dec,39.7,,,,,29.12,0.81,1.56,12.7,9.88,1.04,1.29,10.86,8.42,11.14,10.39,1.92,3.88,1.73,271.56,228.2,71.73,49.46,12.2,40.33,10.39,109.39,66.91,18.24,62.28,74.11,123.34,87.48,40.79,33.09,15.96,25.27,46.82,61657.95,10342.64,534423.22,107.38,12.39,9.64,0,9.03,,,0,  반도체 제조업
4297,(주)카이노스메드,284620,18-Dec,-1.41,-91.41,-56.64,-84.24,-73.74,,,,,,,,,,,,,,,,,,,,,,,,,,,,,,,,,,,,,,,,,,,,0,  자연과학 및 공학 연구개발업
4298,(주)카이노스메드,284620,19-Dec,-2.35,,,,,,,,,,,,,,,,,,,,,,,,,,,,,,,,,,,,,,,,,,,,,,,,0,  자연과학 및 공학 연구개발업
4506,(주)켐트로스,220260,15-Dec,-2.59,-96.22,-86.42,-91.93,-88.82,,,,,,,,,,,,,,,,,,,,,,,,,,,,,,,,,,,,,,,,,,,,0,  기타 화학제품 제조업
4507,(주)켐트로스,220260,16-Dec,7.18,,,,,,,,,,,,,,,,,,,,,,,,,,,,,,,,,,,,,,,,,,,,,,,,0,  기타 화학제품 제조업
4508,(주)켐트로스,220260,17-Dec,16.47,,,,,20.18,2.5,3.6,10.62,12.59,2.11,0.84,9.58,4.56,1.8,12.52,1.44,2.03,1.61,381.19,317.08,173.34,71.04,29.81,19.51,9.61,27.18,58.47,51,43.54,52.34,274.94,13.49,23.48,41.53,16.82,22.8,38.61,215872.89,73472.3,486021.43,36.94,16.41,19.45,0,0,,,0,  기타 화학제품 제조업
4509,(주)켐트로스,220260,18-Dec,5.32,25.95,11.78,26.71,18.6,17.11,12.36,16.68,6.61,8.66,9.43,0.76,8.58,4.95,1.73,14.04,1.35,1.76,1.45,321.82,266.96,20.22,81.65,29.13,15.04,9.87,23.2,55.05,52.92,43.68,52.66,293.98,11.36,29.72,44.95,17.05,24.73,36.29,204937.77,91339.07,527546.69,57.76,22.48,32.83,16.04,0,,,0,  기타 화학제품 제조업
4510,(주)켐트로스,220260,19-Dec,7,4.9,56.11,-38.14,24.69,14.46,0.65,0.7,3.88,5.9,0.43,0.66,7.51,5.28,1.26,13.73,1.09,1.66,1.58,127.04,92.02,27.29,52.81,18.91,19.37,10.41,35.39,65.44,28.9,22.49,31.05,232.65,61.9,37.35,34.56,27.56,129.51,6.61,187181.73,90265.31,519586.04,38.64,13.92,21.64,6.5,0,,,0,  기타 화학제품 제조업
4725,(주)큐브엔터테인먼트,182360,13-Dec,11111111.11,,,,,,,,,,,,,,,,,,,,,,,,,,,,,,,,,,,,,,,,,,,,,,,,0,  오디오물 출판 및 원판 녹음업
4726,(주)큐브엔터테인먼트,182360,14-Dec,11111111.11,,,,,,,,,,,,,,,,,,,,,,,,,,,,,,,,,,,,,,,,,,,,,,,,0,  오디오물 출판 및 원판 녹음업
4727,(주)큐브엔터테인먼트,182360,15-Dec,12.93,,,,,18.67,-25.52,-27.4,2.57,3.17,-20.67,0.81,,7.21,47.84,8.43,1.07,3.3,1.08,387.25,387.25,245.81,32.57,3.02,9.63,2.92,78.28,75.43,4.01,75.19,75.19,116.96,0,25.74,24.57,0,0,55.77,6.73,0,408.03,-36.36,-0.62,-0.76,0,0,0,,0,  오디오물 출판 및 원판 녹음업
4728,(주)큐브엔터테인먼트,182360,16-Dec,-299.13,-22.35,180.71,-26.56,-17.42,-5.46,-26.62,-27.22,-23.22,-29.29,-21.1,0.79,,5.67,21.84,8.53,1.02,3.53,1.08,442.55,442.55,127.11,24.66,0,-70.37,-15.36,0,80.22,0,71.1,71.1,197.04,0,20.03,19.78,0,0,55.04,16027.28,0,261836.99,62.19,3.81,4.2,20.59,0,0,,1,  오디오물 출판 및 원판 녹음업
4729,(주)큐브엔터테인먼트,182360,17-Dec,30.13,3.1,-23.48,8.04,-8.33,17.4,-4.01,-5.93,0.97,0.86,-4.49,1.12,,7.65,21.05,9.68,1.48,4.61,1.54,289.4,289.4,136.09,40.21,0,-36.41,-9.47,0,71.32,0,74.51,74.51,83.56,0,36.1,28.68,0,0,48.76,13775.63,0,303234.68,559.09,25.4,23.03,-10.98,0,0,,0,  오디오물 출판 및 원판 녹음업
4730,(주)큐브엔터테인먼트,182360,18-Dec,95.53,30.24,-12.34,12.96,5.93,16.85,3.2,6.78,7.58,5.6,4.32,1.35,,12.95,36.52,10.39,2.12,3.73,1.96,165.94,165.94,109.4,72.38,0,38.88,13.66,0,58.01,0,64.62,64.62,77.24,0,67.13,41.99,0,0,25.68,10883.06,0,355921.38,1038.7,31.76,26.57,10.96,0,0,,0,  오디오물 출판 및 원판 녹음업
4731,(주)큐브엔터테인먼트,182360,19-Dec,5.79,11.01,553.69,-15.95,5.33,15.28,3.31,5.75,3.16,3.22,3.24,0.98,,11.24,8.98,11.34,1.74,2.25,1.74,168.58,168.58,76.06,81.67,16.29,24.32,11.73,67.14,55.04,29.59,48.93,48.93,147.74,24.82,52.73,44.96,0,0,19.91,69427.16,0,385574.33,169.42,30.51,32.73,2.47,0,0,,0,  오디오물 출판 및 원판 녹음업
4741,(주)클래시스,214150,15-Dec,-1.32,-89.13,18.92,-79.53,-87.42,,,,,,,,,,,,,,,,,,,,,,,,,,,,,,,,,,,,,,,,,,,,0,  의료용 기기 제조업
4742,(주)클래시스,214150,16-Dec,-1.46,,,,,,,,,,,,,,,,,,,,,,,,,,,,,,,,,,,,,,,,,,,,,,,,0,  의료용 기기 제조업
4743,(주)클래시스,214150,17-Dec,85.8,,,,,69.31,-14.71,-14.61,17.1,30.98,-8.12,0.55,6.85,16.9,1.09,253.56,0.99,1.24,1.26,192.07,156.76,133.35,79.99,33.02,30.62,24.65,41.21,55.56,59.44,35.77,43.83,1500.03,35.48,41.07,44.44,18.38,38.35,21.01,227754.45,1287.02,454396.57,16.97,8.51,15.41,0,4.41,0,,0,  의료용 기기 제조업
4744,(주)클래시스,214150,18-Dec,40.01,19.82,43.73,-3.91,45.46,73.18,31.3,34.51,25.18,36.81,21.41,0.68,8.64,22.64,1.22,209.97,1.1,1.8,1.75,179.43,139.59,70.63,48.26,20.4,49.91,25.89,79.62,67.45,30.25,27.34,35.15,677.53,37.83,29.04,32.55,22.21,50.16,15.56,214228,1718.09,386108.18,71.79,39.83,63.49,41.01,3.26,0,,1,  의료용 기기 제조업
4745,(주)클래시스,214150,19-Dec,152.13,50.19,10.9,116.72,72.24,78.77,41.16,48.06,44.06,51.41,35.28,0.86,11.09,34.93,1.67,293.07,1.17,3.22,1.93,226.18,191.96,133.31,29.28,8.69,106.88,33.91,278.71,77.35,11.23,43.05,50.72,1051.94,99.2,28.99,22.65,15.13,27.12,28.3,260440.68,2140.8,579884.9,112.23,50.41,70.61,0,2.4,0,,0,  의료용 기기 제조업
4840,(주)토박스코리아,215480,15-Dec,11111111.11,-95.39,-78.71,-90.81,-88.73,,,,,,,,,,,,,,,,,,,,,,,,,,,,,,,,,,,,,,,,,,,,0,"  섬유, 의복, 신발 및 가죽제품 소매업"
4841,(주)토박스코리아,215480,16-Dec,11111111.11,,,,,,,,,,,,,,,,,,,,,,,,,,,,,,,,,,,,,,,,,,,,,,,,0,"  섬유, 의복, 신발 및 가죽제품 소매업"
4842,(주)토박스코리아,215480,17-Dec,29.47,,,,,59.65,1.8,2.67,14.48,14.85,1.75,0.97,3.84,9.13,25.04,77.1,1.48,2.84,1.07,2029.62,1466.57,484.79,52.31,29.78,-14.75,-5.2,-17.01,65.66,45.36,66.13,91.51,844.47,0,6.87,34.34,27.74,29.18,87,27710.91,0,712019.05,140.5,5.47,5.61,0,0.42,,,0,"  섬유, 의복, 신발 및 가죽제품 소매업"
4843,(주)토박스코리아,215480,18-Dec,-3.31,-10.79,-13.88,-9.99,-15.54,47.5,-15.9,-20.42,-8.15,-9.91,-13.07,0.82,2.88,8.55,21.48,77.22,1.28,2.28,0.89,244.06,159.15,8,60.86,33.56,-25.75,-11.17,-29.03,62.16,53.99,60.22,92.34,1002.78,0,60.86,37.84,34.79,58.94,54.51,22340.72,0,594618.89,-346.31,-13.01,-14.92,6.82,0.62,,,0,"  섬유, 의복, 신발 및 가죽제품 소매업"
4844,(주)토박스코리아,215480,19-Dec,1.73,14.97,-5.49,15.5,30.75,53.96,0.54,0.76,3.74,3.96,0.51,0.94,2.76,11.43,27.78,92.68,1.42,2.84,1.02,1004.74,613.9,44.17,41.44,24.32,-10.32,-3.43,-12.43,70.7,34.41,56.68,92.77,691.08,17.5,13.06,29.3,38.9,43.2,83.54,25446.18,0,823846.23,45.82,1.42,1.6,-17.02,0.55,,,0,"  섬유, 의복, 신발 및 가죽제품 소매업"
5182,(주)프로스테믹스,203690,14-Dec,2.47,-70.91,120.66,-61.51,-68.44,,,,,,,,,,,,,,,,,,,,,,,,,,,,,,,,,,,,,,,,,,,,0,"  펄프, 종이 및 판지 제조업"
5183,(주)프로스테믹스,203690,15-Dec,42.69,,,,,81.32,-57.41,-21.63,14.08,41.07,-19.68,0.34,22.2,12.58,2,537.17,0.38,3.8,0.49,2028.48,1983.5,448.79,9.92,3.7,157.43,41.46,384.39,90.97,4.06,68.08,69.63,4270.13,0,3.77,9.03,2.22,2.33,66.19,89.47,17.19,693.05,-55.52,-7.12,-20.78,0,0.39,0.03,,1,"  펄프, 종이 및 판지 제조업"
5184,(주)프로스테믹스,203690,16-Dec,196.62,8.72,53.9,2.08,13.91,78.05,30.45,10.24,9.07,28.94,9.55,0.31,16.23,16.29,1.5,100.1,0.34,4.64,0.47,1549.33,1495.08,183.4,4.91,0,272.52,42.41,0,95.32,0,63.08,65.37,219.34,0,4.43,4.68,3.5,3.74,61.15,162311.36,35000.26,672293.76,91.48,22.09,73.38,12.9,3.25,0,,0,"  펄프, 종이 및 판지 제조업"
5185,(주)프로스테믹스,203690,17-Dec,-63599.96,-13.76,8.24,-34.16,-12.71,57.16,-48.1,-7.52,-9.58,-63.94,-7.21,0.15,5.87,11.95,0.55,33.98,0.16,3.62,0.26,1698.77,1601.57,549.59,3.64,0,88.93,19.32,0,96.49,0,47.05,49.91,410.85,0,3.04,3.51,5.72,6.08,46.97,141290.41,40082.04,520302.67,13.18,3.58,22.13,11.43,6.5,0.06,,0,"  펄프, 종이 및 판지 제조업"
5186,(주)프로스테믹스,203690,18-Dec,-8130.7,-17.92,-6.4,-17.62,-18.56,32.88,-133.46,-17.73,-13.14,-102.84,-17.05,0.13,5.21,12.19,0.39,35.2,0.13,3.31,0.26,1369.31,1315.81,364.24,4.47,0,-198.66,-59.96,0,95.72,0,48.13,50.09,172.28,0,3.82,4.28,3.91,4.21,46.43,206823.14,57322,594872.27,3.13,1.09,7.67,-28.21,9.13,0.12,,0,"  펄프, 종이 및 판지 제조업"
5187,(주)프로스테믹스,203690,19-Dec,-23.52,-4.42,7.93,-8.81,-11.08,64.25,-44.66,-10.57,-6.98,-31.91,-9.77,0.22,10.92,16.41,0.59,103.87,0.24,2.9,0.45,957.75,916.62,381.66,12.29,4.96,-39.59,-19.36,-87.46,89.05,5.56,45.73,47.78,0,18.14,5.6,10.95,4.29,4.79,42.8,176060.18,44563.14,448437.61,24.9,9.78,43.68,26.79,5.42,0.04,,0,"  펄프, 종이 및 판지 제조업"
5441,(주)한일진공,123840,11-Dec,-0.93,-95.83,-89.15,-88.4,-84.59,,,,,,,,,,,,,,,,,,,,,,,,,,,,,,,,,,,,,,,,,,,,0,  특수 목적용 기계 제조업
5442,(주)한일진공,123840,12-Dec,-0.63,,,,,,,,,,,,,,,,,,,,,,,,,,,,,,,,,,,,,,,,,,,,,,,,0,  특수 목적용 기계 제조업
5443,(주)한일진공,123840,13-Dec,23.75,,,,,29.23,6.77,6.32,14.74,20.9,4.78,0.71,11.28,5.96,2.64,12.5,0.93,2.89,1.14,326.84,293.84,46.73,32.3,10.37,37.32,12.92,87.9,75.59,13.71,55.7,61.96,209.69,60.04,25.08,24.41,10.1,14.55,43,143.55,37.06,537.28,65.25,17.46,24.75,0,0.8,0,,1,  특수 목적용 기계 제조업
5444,(주)한일진공,123840,14-Dec,-13.32,-13.51,-5.58,-20.2,-2.57,7.61,-6.87,-1.96,-3.72,-16.32,-1.57,0.23,4.05,1.99,0.82,5.9,0.28,1.14,0.38,452.47,413.54,69.45,17.45,5.67,29.63,17.91,77.59,85.14,6.66,52.24,57.16,605.81,89.05,14.84,14.86,8.6,11.05,44.53,165.32,36.67,567.63,28.68,8.38,34.08,-18.02,2.74,0,,0,  특수 목적용 기계 제조업
5445,(주)한일진공,123840,15-Dec,80.13,15.57,0.26,11.24,17.06,31.35,22.78,12.51,7.65,16.25,10.72,0.47,8.71,4.03,1.73,21.57,0.55,3.3,0.84,458.3,409.83,169.39,15.95,2.05,18.36,5.75,123.24,86.24,2.38,49.2,55.02,490.46,94.54,13.92,13.76,10.58,13.53,43.01,160.46,33.79,635.28,90.77,23,52.4,3.3,1.58,0,,0,  특수 목적용 기계 제조업
5446,(주)한일진공,123840,16-Dec,-1.35,84.53,115.98,-24.75,37.53,22.44,69.29,22.73,-1.17,-4.98,16.32,0.24,4.22,3.26,0.84,9.41,0.33,0.84,0.69,91.71,69.47,13.13,55.13,24.62,3.93,7.69,5.67,64.46,38.2,16.99,22.43,180.1,79.63,37.95,35.54,24.25,0,-2.03,103.2,18.96,755.43,84.16,23.78,130.99,52.13,2.54,0,,1,  특수 목적용 기계 제조업
5447,(주)한일진공,123840,17-Dec,-1.8,47.09,-1.83,63.39,47.22,15.32,95.98,26.05,-2.62,-15.56,16.18,0.17,2.84,3.98,0.71,5.05,0.26,0.47,0.7,81.17,60.8,28.62,56.3,20.4,-3.32,-8.46,-5.87,63.98,31.88,18.67,24.92,103.66,94.64,47.99,36.02,25.1,0,-5.78,290744.43,204544.31,1468902.59,125.16,24.77,174.99,-23.08,1.98,0,,0,  특수 목적용 기계 제조업
5448,(주)한일진공,123840,18-Dec,0.34,-1.88,6.4,165.64,25.41,23.41,-28.51,-11.33,0.19,0.59,-9.1,0.32,5.63,6.52,1.55,7.91,0.44,1.17,0.69,436.8,403.97,268.73,22.75,9.46,-11.81,-6.8,-23.15,81.47,11.61,62.4,67.47,138.33,74.15,18.96,18.53,7.52,9.75,52.02,234682.33,182774.34,1093335.1,-16.5,-3.54,-10.99,31.82,1.06,0,,1,  특수 목적용 기계 제조업
5449,(주)한일진공,123840,19-Dec,-9.81,-22.54,-12.07,-57.37,-22.26,12.29,-120.47,-25.39,-5.96,-31.95,-22.46,0.19,3.37,2.6,0.82,5.09,0.23,0.97,0.34,213.53,178.3,120.32,25.35,6.71,-2.09,-1.98,-6.3,79.78,8.41,31.01,37.14,296.59,81.89,21.8,20.22,16.5,31.03,19.74,114.12,24.35,942.6,-66.67,-16.19,-75.82,-15.17,3.04,0,,0,  특수 목적용 기계 제조업
5680,(주)휴센텍,215090,15-Dec,11111111.11,-92.69,-76.06,-79.15,-88.23,,,,,,,,,,,,,,,,,,,,,,,,,,,,,,,,,,,,,,,,,,,,0,"  측정, 시험, 항해, 제어 및 기타 정밀기기 제조업; 광학기기 제외"
5681,(주)휴센텍,215090,16-Dec,11111111.11,,,,,,,,,,,,,,,,,,,,,,,,,,,,,,,,,,,,,,,,,,,,,,,,0,"  측정, 시험, 항해, 제어 및 기타 정밀기기 제조업; 광학기기 제외"
5682,(주)휴센텍,215090,17-Dec,11111111.11,,,,,,,,,,,,,,,,,,,,,,,,,,,,,,,,,,,,,,,,,,,,,,,,1,"  측정, 시험, 항해, 제어 및 기타 정밀기기 제조업; 광학기기 제외"
5683,(주)휴센텍,215090,18-Dec,0.908838879,,,,,18.85,-7.48,-8.14,2.74,4,-5.12,0.68,4.47,59.77,4.55,16.54,1.09,1.85,0.98,223.96,174.96,44.91,58.88,24.52,10.16,5.5,15.36,62.94,38.95,54.76,70.09,27.67,81.64,49.72,37.06,21.88,39.53,38.8,33536.05,11342.76,242806.68,180.04,24.87,36.31,0,0.6,,,0,"  측정, 시험, 항해, 제어 및 기타 정밀기기 제조업; 광학기기 제외"
5684,(주)휴센텍,215090,19-Dec,-9.72413752,-26.64,-25.9,-47.08,-17.54,5.92,-32.49,-33.18,-12.39,-18.32,-21.98,0.68,3.87,30.47,4.48,16.58,1.02,2,1.09,201.88,120.23,37.18,41.34,15.32,-16.27,-5.96,-31.07,70.75,21.65,30.11,50.56,92.18,83.05,35.4,29.25,40.44,80.14,25.51,26636.89,10398.64,175318.42,100.09,15.21,19.03,1.6,1.49,,,0,"  측정, 시험, 항해, 제어 및 기타 정밀기기 제조업; 광학기기 제외"
5872,글로벌텍스프리(주),204620,14-Dec,11111111.11,-91.55,-53.21,-86.76,-88.06,,,,,,,,,,,,,,,,,,,,,,,,,,,,,,,,,,,,,,,,,,,,0,  금융 지원 서비스업
5873,글로벌텍스프리(주),204620,15-Dec,11111111.11,,,,,,,,,,,,,,,,,,,,,,,,,,,,,,,,,,,,,,,,,,,,,,,,0,  금융 지원 서비스업
5874,글로벌텍스프리(주),204620,16-Dec,11111111.11,,,,,,,,,,,,,,,,,,,,,,,,,,,,,,,,,,,,,,,,,,,,,,,,0,  금융 지원 서비스업
5875,글로벌텍스프리(주),204620,17-Dec,3.255682665,,,,,0,-7.19,-3.7,1.06,2.45,-3.12,0.43,,,9.3,,0.51,2.77,0.54,791.33,791.33,602.55,18.59,1.81,17.42,6.29,150.98,84.32,2.14,80.09,80.09,0,0,12,15.68,0,0,69.97,23946.3,0,513162.03,340.85,15.91,36.65,0,2.85,0,,0,  금융 지원 서비스업
5876,글로벌텍스프리(주),204620,18-Dec,0.569487742,47.69,-11.8,63.38,15.42,0,20.14,12.13,0.74,1.68,8.89,0.44,,,12.45,,0.6,1.66,0.52,998.73,998.73,803.76,51.75,13.77,3.48,3.2,8.62,65.9,20.9,88.6,88.6,0,0,13.46,34.1,0,0,79.73,22650.71,0,812791.32,894.47,24.93,67.31,-6.76,0,0,,0,  금융 지원 서비스업
5877,글로벌텍스프리(주),204620,19-Dec,2.576855206,12.81,151.47,2.36,-1.56,0,9.72,7.91,5.8,11.59,4.87,0.5,,,10.88,,0.81,1.3,0.59,495.16,495.16,365.05,73.57,18.2,9.24,8.29,21.52,57.61,31.59,80.39,80.39,0,14,28.18,42.39,0,0,64.15,42720.43,0,687697.85,356.69,22.16,46.91,33.33,1.55,0,,0,  금융 지원 서비스업
5935,나무기술(주),242040,16-Dec,11111111.11,,,,,,,,,,,,,,,,,,,,,,,,,,,,,,,,,,,,,,,,,,,,,,,,0,  소프트웨어 개발 및 공급업
5936,나무기술(주),242040,17-Dec,11111111.11,,,,,,,,,,,,,,,,,,,,,,,,,,,,,,,,,,,,,,,,,,,,,,,,0,  소프트웨어 개발 및 공급업
5937,나무기술(주),242040,18-Dec,-17.38497217,,,,,7.51,-11.11,-52.34,-11.54,-6.17,-20.79,1.87,13.2,3.72,110.75,5.49,4.9,3.03,2.02,176.58,149.59,10.33,162.05,17.65,-29.4,-9.71,-103.01,38.16,46.25,78.58,92.76,147.51,65.44,137.66,61.84,15.28,35.24,40.23,6898.64,0,408162.88,387.08,6.54,3.5,0,1.22,0,,1,  소프트웨어 개발 및 공급업
5938,나무기술(주),242040,19-Dec,3.021009101,61.38,81.04,56.38,37.03,17.05,4.54,23.65,8.89,4.81,8.38,1.85,10.37,4.29,101.58,5.66,5.38,2.81,2.03,139.07,108.04,9.43,213.3,23.76,-10.39,-4.73,-29.77,31.92,74.43,69.83,89.89,121.43,98.09,202.51,68.08,22.31,79.43,25.25,11549.3,0,609109.96,1592.09,30.19,20.19,8.14,0.97,0,,0,  소프트웨어 개발 및 공급업
7092,씨아이에스(주),222080,15-Dec,11111111.11,,,,,,,,,,,,,,,,,,,,,,,,,,,,,,,,,,,,,,,,,,,,,,,,0,  특수 목적용 기계 제조업
7093,씨아이에스(주),222080,16-Dec,11111111.11,,,,,,,,,,,,,,,,,,,,,,,,,,,,,,,,,,,,,,,,,,,,,,,,0,  특수 목적용 기계 제조업
7094,씨아이에스(주),222080,17-Dec,-89.6597453,,,,,14.95,-28.73,-15.95,-4.34,-18.38,-6.79,0.24,1.05,0.92,2.42,1.04,0.55,0.41,0.27,155.16,115.17,30.69,134.38,1.81,-15.99,-38.8,-506.78,42.67,4.24,64.76,87.26,112.36,0,131.8,57.33,25.78,72.5,31.02,128816.55,2267.95,1417792.81,-27.2,-2.47,-10.46,0,2.31,0,,1,  특수 목적용 기계 제조업
7095,씨아이에스(주),222080,18-Dec,-21.05291317,51.25,102.37,44.84,-18.37,14.41,-19.22,-19.92,-8.69,-27.69,-6.03,0.31,0.74,1.58,2.67,1.64,1.02,0.45,0.37,118.23,40.07,4.03,332.5,11.82,-13.78,-40.64,-89.61,23.12,51.12,28.32,83.56,95.55,70.81,305.66,76.88,66.11,428.65,12.89,183686.76,2445.74,1779430.07,-13.15,-1.36,-5.21,20.51,1.37,0,,1,  특수 목적용 기계 제조업
7096,씨아이에스(주),222080,19-Dec,12.44656621,16.33,11.34,18.95,31.62,20.93,11.13,25.61,9.75,15.31,7.09,0.64,1.06,13.44,4.37,16.38,2.3,0.88,0.78,118.51,36.2,16.5,241.74,9.87,-0.4,-0.48,-2.87,29.26,33.74,25.18,82.45,195.72,99.95,237.77,70.74,69.46,444.76,12.88,195447.06,3942.75,1368895.2,105.65,15.08,25.46,31.91,0.67,,,0,  특수 목적용 기계 제조업
7199,알서포트(주),131370,11-Dec,11111111.11,,,,,,,,,,,,,,,,,,,,,,,,,,,,,,,,,,,,,,,,,,,,,,,,0,  소프트웨어 개발 및 공급업
7200,알서포트(주),131370,12-Dec,11111111.11,,,,,,,,,,,,,,,,,,,,,,,,,,,,,,,,,,,,,,,,,,,,,,,,0,  소프트웨어 개발 및 공급업
7201,알서포트(주),131370,13-Dec,101.7412909,,,,,100,12.95,5.22,10.57,29.71,4.61,0.36,338.79,6.15,18.84,,0.4,3.05,0.4,1159.18,1157.82,112.47,13.22,5.27,45.49,14.92,100.83,88.33,5.96,89.54,89.64,0,27.23,8.76,11.67,0.12,0.13,81.91,5.53,2.84,323.08,831.55,15.71,44.14,0,15.3,0,,1,  소프트웨어 개발 및 공급업
7202,알서포트(주),131370,14-Dec,8.457245042,-2.12,33.87,-36.18,0.77,0,-2.22,-0.86,0.91,2.63,-0.77,0.35,365.04,5.7,15.54,256.19,0.39,3.34,0.47,666.45,665.48,146.95,9.95,1.38,53.38,13.78,350.81,90.95,1.51,58.36,58.45,2332.79,81.82,9.64,9.05,0.15,0.17,49.68,6.99,3.35,282.2,468.25,12.1,34.5,11.96,28.79,0,,0,  소프트웨어 개발 및 공급업
7203,알서포트(주),131370,15-Dec,-307.7277023,-5.92,-21.69,-9.89,-4.46,100,-12.79,-4.47,-4.54,-14.06,-4.13,0.32,313.52,4.85,13.6,158.11,0.35,3.88,0.56,742.19,740.57,246.33,8.16,0.3,4.78,1.08,120.48,92.46,0.32,55.86,55.98,5334.91,0,8.16,7.54,0.22,0.25,48.44,4.89,1.68,251.23,1006.54,21.65,65.02,9.22,30.04,0,,0,  소프트웨어 개발 및 공급업
7204,알서포트(주),131370,16-Dec,-19.67362729,0.5,-23.69,-2.9,-0.93,0,0.75,0.66,-0.42,-1.1,0.29,0.38,225.34,5.67,20.31,591.72,0.42,4.6,0.7,750.78,747.75,287.47,10.1,1.97,-15.76,-3.77,-73.49,90.83,2.17,53.87,54.09,0,0,7.93,9.17,0.4,0.47,46.88,4042.04,0,247456.52,1596.74,26.08,68.06,0.44,23.97,0,,0,  소프트웨어 개발 및 공급업
7205,알서포트(주),131370,17-Dec,186.6272648,-2.81,-26.28,13.62,-3.43,0,11.65,5.51,6.24,14.91,4.88,0.42,179.45,4.95,29.08,,0.46,4.39,0.71,831.34,828.07,274.25,10.98,2.02,28.46,6.63,139.13,90.11,2.25,62.98,63.23,0,0,8.44,9.89,0.39,0.45,55.63,3350.28,0,270418.45,2205.71,27.33,64.36,-11.06,22.72,0,,0,  소프트웨어 개발 및 공급업
7206,알서포트(주),131370,18-Dec,337.1803188,8.32,-27.31,-1.37,9.62,0,20.14,9.73,9.68,22.18,8.79,0.44,68.13,4.26,42.49,,0.48,4.67,0.72,713.93,701.5,209.72,9.7,1.4,20.04,4.22,126.46,91.16,1.54,56.57,57.58,0,44.44,8.85,8.84,1.74,2.02,49.51,2603.88,0,313162.61,3942.67,32.78,78.13,-6.47,22.5,0,,0,  소프트웨어 개발 및 공급업
7207,알서포트(주),131370,19-Dec,39.57330159,33.43,3263.35,10.73,14.97,0,31.14,14.87,8.44,20.36,12.91,0.41,58.18,4.93,3.36,,0.49,2.62,0.8,615.75,609.36,138.75,26.71,14.52,15.45,8.98,22.43,78.92,18.4,47.29,47.78,0,8.29,9.83,21.08,1.04,1.24,40.02,78402.84,0,374071.53,149.23,31.28,86.25,11.7,24.18,0,,0,  소프트웨어 개발 및 공급업
7211,알에프에이치아이씨(주),218410,15-Dec,-2.17,,,,,,,,,,,,,,,,,,,,,,,,,,,,,,,,,,,,,,,,,,,,,,,,0,  통신 및 방송 장비 제조업
7212,알에프에이치아이씨(주),218410,16-Dec,-1.09,,,,,,,,,,,,,,,,,,,,,,,,,,,,,,,,,,,,,,,,,,,,,,,,0,  통신 및 방송 장비 제조업
7213,알에프에이치아이씨(주),218410,17-Dec,27.16,,,,,33.86,9.87,4.99,5.21,13.01,3.95,0.4,1.25,3.81,1.73,16.13,0.49,2.24,0.58,430.26,230.96,142.28,21.69,11.74,18.91,8.42,28.71,82.17,14.29,37.11,69.14,422.98,92.27,19.55,17.83,46.32,60.35,53.07,142390.49,65281.12,630387.91,50.17,11.33,28.32,0,10.37,0,,0,  통신 및 방송 장비 제조업
7214,알에프에이치아이씨(주),218410,18-Dec,17.88,51.08,12.49,66.18,27.18,43.17,23.5,17.22,13.72,24.71,13.05,0.56,2.23,5.58,2.83,19.64,0.74,2.2,0.76,407.65,299.42,184.31,43.11,14.06,37.79,24.67,80.96,69.88,20.12,55.86,76.05,313.57,22.77,26.7,30.12,26.55,35.18,57.39,147066.05,79619.81,918775.7,119.41,19.11,41.42,3.66,9.35,0,,0,  통신 및 방송 장비 제조업
7215,알에프에이치아이씨(주),218410,19-Dec,15.97,11.08,12.03,7.12,27.16,36.7,18.71,11.22,7.25,16.64,8.15,0.44,2.17,6.02,2.51,11.97,0.57,1.87,0.58,447.97,325.6,256.93,20.72,5,84.14,34.87,288.81,82.84,6.04,53.3,73.34,122.75,94.4,19.76,17.16,27.32,35.17,56.97,158193.84,106896.14,967438.11,91.66,14.99,36.19,5.49,9.69,0,,0,  통신 및 방송 장비 제조업
7316,에스지에이솔루션즈(주),184230,16-Dec,3.08,85.97,195.75,97.77,25.64,28.35,6.39,7.81,7.12,10.37,4.39,0.69,6.64,2.6,70.5,5.2,1.36,1.38,1.13,204.76,172.67,46.81,128.13,32.78,0.35,0.37,0.59,43.84,74.78,52.52,62.28,192.44,22.43,69.39,56.16,15.67,30.63,31.86,7244.2,0,647420.77,1019.87,11.41,21.62,0,0,0.02,,1,  소프트웨어 개발 및 공급업
7317,에스지에이솔루션즈(주),184230,17-Dec,2.55,-11.55,-1.68,-17.56,25.02,30.52,4.01,4.6,4.36,6.96,2.51,0.63,6.32,2.12,53.13,4.72,1.21,1.3,1.04,250.02,206.64,21.87,64.61,21.38,-5.25,-3.09,-9.63,60.75,35.19,47.98,58.05,269.79,25.03,38.22,39.25,17.35,28.91,34.83,6794.34,0,546270.37,1125.21,13.99,21,4.83,0.64,0.03,,0,  소프트웨어 개발 및 공급업
7318,에스지에이솔루션즈(주),184230,18-Dec,-6.36,-5.97,-4.12,-16.67,-21.83,20.06,-29.62,-26.05,-11.48,-20.38,-16.69,0.56,6.71,3.66,44.87,5.57,1.02,1.26,1.03,151.24,131.81,37,101.13,36.45,-6.82,-5.9,-9.41,49.72,73.31,44.84,51.45,0,55.38,68.42,50.28,12.85,37.92,17.43,8463.41,0,667296.53,-418.54,-5.31,-9.13,-23.03,0.06,0.02,,0,  소프트웨어 개발 및 공급업
7319,에스지에이솔루션즈(주),184230,19-Dec,-5.12,-38.56,-52.58,-35.3,-51.85,26.87,-63.4,-88.21,-13.48,-18.84,-45.36,0.72,13.89,2.35,61.77,5.98,1.63,1.28,1.36,84.24,79.92,19.08,190.34,39.06,-3.15,-2.2,-5.28,34.44,113.41,51.4,54.17,0,96.82,186.72,65.56,5.12,0,-10.14,3727.01,0,380728.7,-3442.03,-33.69,-35.85,7.69,0.6,0.02,,0,  소프트웨어 개발 및 공급업
7628,와이아이케이(주),232140,15-Dec,11111111.11,-90.12,1630.3,-83.57,-84.4,,,,,,,,,,,,,,,,,,,,,,,,,,,,,,,,,,,,,,,,,,,,0,  특수 목적용 기계 제조업
7629,와이아이케이(주),232140,16-Dec,11111111.11,,,,,,,,,,,,,,,,,,,,,,,,,,,,,,,,,,,,,,,,,,,,,,,,0,  특수 목적용 기계 제조업
7630,와이아이케이(주),232140,17-Dec,33.84,,,,,21.94,9.56,17.77,14.55,12.86,10.82,1.13,2.13,54.21,8.93,5.41,1.86,2.89,1.69,214.06,44.96,12.48,64.27,7.18,5.55,1.92,30.26,60.88,11.79,14.1,67.13,9.98,20.95,51.52,39.12,79,148.26,35.77,137331.13,24801.71,1117777.86,167.94,20.63,18.24,0,5.45,0,,1,  특수 목적용 기계 제조업
7631,와이아이케이(주),232140,18-Dec,9.71,44.41,55.55,36.41,36.08,22.64,11.55,30.71,20.26,13.55,17.28,1.5,4.43,76.44,11.29,16.09,2.43,3.9,2.3,512.21,347.42,96.47,60.69,22.5,32.5,9.7,54.56,62.23,36.15,43.01,63.41,148.38,13.88,19.89,37.77,32.17,39.98,51.03,174658.52,107708.95,1455231.59,245.11,29.42,23.24,10.92,4.5,0,,0,  특수 목적용 기계 제조업
7632,와이아이케이(주),232140,19-Dec,-2.81,2.43,15.75,-1.51,-11.38,34.5,-21.41,-10.55,-6.06,-23.57,-5.5,0.26,1.18,10.8,1.77,8.5,0.44,0.62,0.41,156.42,96.66,30.02,84.25,27.62,22.97,41.34,38.03,54.27,50.88,37.68,60.97,60.6,77.74,71.82,45.73,38.2,105.91,21.99,162.37,10.36,1412.56,79.68,10.91,42.95,-12.12,58.2,0,,0,  특수 목적용 기계 제조업
8186,줌인터넷(주),239340,16-Dec,-3.17,,,,,,,,,,,,,,,,,,,,,,,,,,,,,,,,,,,,,,,,,,,,,,,,0,"  자료처리, 호스팅, 포털 및 기타 인터넷 정보매개 서비스업"
8187,줌인터넷(주),239340,17-Dec,-1.79,,,,,,,,,,,,,,,,,,,,,,,,,,,,,,,,,,,,,,,,,,,,,,,,0,"  자료처리, 호스팅, 포털 및 기타 인터넷 정보매개 서비스업"
8188,줌인터넷(주),239340,18-Dec,-5.82,,,,,,,,,,,,,,,,,,,,,,,,,,,,,,,,,,,,,,,,,,,,,,,,0,"  자료처리, 호스팅, 포털 및 기타 인터넷 정보매개 서비스업"
8189,줌인터넷(주),239340,19-Dec,5.6,,,,,0,-47.72,-44.92,2.64,3.68,-34.16,0.72,,7.59,10.44,,0.87,3.98,0.87,559.57,559.57,214.87,21.93,2.22,45.97,11.55,371.88,82.02,2.71,82.32,82.32,0,67.19,17.94,17.98,0,0,67.61,12705.54,38311.76,185343.2,91.16,6.25,8.73,0,0,0,,0,"  자료처리, 호스팅, 포털 및 기타 인터넷 정보매개 서비스업"
8217,지엘팜텍(주),204840,14-Dec,-0.86,,,,,,,,,,,,,,,,,,,,,,,,,,,,,,,,,,,,,,,,,,,,,,,,0,  자연과학 및 공학 연구개발업
8218,지엘팜텍(주),204840,15-Dec,-1.41,,,,,,,,,,,,,,,,,,,,,,,,,,,,,,,,,,,,,,,,,,,,,,,,0,  자연과학 및 공학 연구개발업
8219,지엘팜텍(주),204840,16-Dec,-36.46,,,,,-2.18,-118.53,-64.13,-22.38,-59.64,-44.48,0.38,77.06,3.15,3.2,,0.54,1.23,0.51,320.02,317.88,20.77,44.15,16.13,-105.56,-86.15,-200.45,69.37,23.25,72.42,72.9,0,93.37,32.84,30.63,0.67,0.97,50.12,46672.68,65966.35,398432.29,-160.67,-18.82,-50.15,0,24.38,,,0,  자연과학 및 공학 연구개발업
8220,지엘팜텍(주),204840,17-Dec,-41.43,21.62,46.32,7.73,-30.73,-52.44,-175.52,-58.42,-31.04,-175.98,-30.96,0.18,80.26,1.65,1.35,,0.33,0.38,0.26,217.77,217.77,8.13,153.08,47.49,-43,-161.86,-54.76,39.51,120.2,64.58,64.58,0,50.93,75.05,60.49,0,0,34.92,78409.67,112058.93,556348.44,-50.17,-7.07,-44,-12.9,60.44,,,0,  자연과학 및 공학 연구개발업
8221,지엘팜텍(주),204840,18-Dec,-5.74,59.5,-18.13,-40.43,74.44,9.8,-66.88,-68.44,-14.51,-57.25,-16.95,0.25,4.92,2.15,0.5,9.29,1.02,0.34,0.89,160.25,131.23,30.91,303.77,48.34,-16.01,-47.54,-24.92,24.77,195.19,23.3,28.45,431.7,18.92,71.68,75.23,18.11,48.16,10.7,609519.04,184009.04,1213909.19,7.88,3.96,15.62,-3.7,44.66,0.12,,0,  자연과학 및 공학 연구개발업
8222,지엘팜텍(주),204840,19-Dec,-7.43,-15.89,-1.42,-29.31,-69.79,19.12,-51.99,-108.38,-10.78,-29.52,-18.98,0.37,5.69,3,0.67,11.22,2.08,0.44,1.38,39.28,26.28,2.01,1024.08,59.12,-10.08,-22.97,-15.53,8.9,664.57,16,23.91,326.28,76.2,684.24,91.1,33.09,0,-36.96,600890.38,204617.35,1021038.88,6.85,4.03,10.09,0,51.64,0,,0,  자연과학 및 공학 연구개발업
8334,케이에이치건설(주),226360,15-Dec,-2.01,-92.29,-77.7,-78.92,-68.44,,,,,,,,,,,,,,,,,,,,,,,,,,,,,,,,,,,,,,,,,,,,0,  토목 건설업
8335,케이에이치건설(주),226360,16-Dec,-0.65,,,,,,,,,,,,,,,,,,,,,,,,,,,,,,,,,,,,,,,,,,,,,,,,0,  토목 건설업
8336,케이에이치건설(주),226360,17-Dec,104.07,,,,,40.05,9.83,9.6,16.23,19.98,7.98,0.81,1439.71,13.03,19.28,25.38,0.98,4.81,1.03,611.97,611.53,84,20.3,3.66,111.21,23.11,512.72,83.13,4.4,78.66,78.72,194.72,0,15.47,16.87,0.07,0.09,65.86,48182.92,0,1143816.95,541.25,22.8,28.08,0,2.51,,,1,  토목 건설업
8337,케이에이치건설(주),226360,18-Dec,200.5,6.58,24.43,-8.13,11.03,32.39,7.97,7.74,7.51,8.95,6.69,0.84,359.03,17.07,15.6,30.15,0.97,6.21,1.21,526.3,524.53,118.95,15.64,0,40.64,6.55,0,86.48,0,69.21,69.45,176.65,0,15.26,13.52,0.34,0.42,56.25,55000.18,0,1021990.02,377.24,20.3,24.18,18.42,2.14,0,,0,  토목 건설업
8338,케이에이치건설(주),226360,19-Dec,1.18,115.41,67.56,-4.2,1.43,38.61,-15.37,-12.17,4.99,11.42,-6.72,0.44,183.79,15.34,9.57,20.88,0.79,0.98,1.01,52.37,51.96,16.13,145.59,36.51,4.39,8.13,7.13,40.72,89.66,30.65,30.89,106.49,99.39,144.84,59.28,0.78,0,-28.09,61898.93,0,1478583.82,53.93,2.26,7.06,48.89,1.71,0,,0,  토목 건설업
8348,케이엠제약(주),225430,15-Dec,-1.14,-94.14,179.46,-77.66,-91.7,,,,,,,,,,,,,,,,,,,,,,,,,,,,,,,,,,,,,,,,,,,,0,  기타 화학제품 제조업
8349,케이엠제약(주),225430,16-Dec,-2.43,,,,,,,,,,,,,,,,,,,,,,,,,,,,,,,,,,,,,,,,,,,,,,,,0,  기타 화학제품 제조업
8350,케이엠제약(주),225430,17-Dec,-2.1,,,,,,,,,,,,,,,,,,,,,,,,,,,,,,,,,,,,,,,,,,,,,,0,,0,  기타 화학제품 제조업
8351,케이엠제약(주),225430,18-Dec,5.92,,,,,33.49,-71.26,-51.73,4.8,9.08,-37.67,0.53,5.31,5.85,1.92,13.07,0.73,1.94,1.27,380.79,289.98,74.75,37.35,19.18,13.67,7.03,19.38,72.81,26.34,31.8,41.76,223.46,15.95,15.06,27.19,23.85,32.34,30.79,127232.01,48660.42,461066.41,-95.91,-26.47,-50.08,0,1.03,0,,0,  기타 화학제품 제조업
8352,케이엠제약(주),225430,19-Dec,-5.81,31.79,173.98,-45.64,1.51,28.45,-4.44,-3.76,-4.02,-7.5,-2.38,0.54,6.29,8.17,1.2,18.04,0.85,1.46,1.93,222.3,126.4,20.94,78.32,39.29,1.36,1.27,1.52,56.08,70.07,9.79,17.22,216.94,8.06,13.81,43.92,43.14,78.41,9.47,320988.27,49232.74,590997.32,13.45,7.3,15.49,2.82,1.81,0,,0,  기타 화학제품 제조업
8380,코리아에프티(주),123410,11-Dec,11111111.11,-73.01,3030.44,-50.84,-41.7,,,,,,,,,,,,,,,,,,,,,,,,,,,,,,,,,,,,,,,,,,,,0,  자동차 신품 부품 제조업
8381,코리아에프티(주),123410,12-Dec,7.64,,,,,21.64,7.55,23.48,10.03,7.43,10.21,1.35,8.5,7.57,3.97,9.74,3.1,2.39,2.36,123.93,89.51,28.88,129.76,30.48,10.17,4.25,18.84,43.52,70.04,41.32,57.2,128.58,87.02,106.05,56.48,27.77,143.83,11.04,47.33,24.58,306.51,107.77,33.84,25.05,0,0.45,0.01,,1,  자동차 신품 부품 제조업
8382,코리아에프티(주),123410,13-Dec,10.9,12.86,31.88,4.77,22.93,21.93,6.91,20.75,12.29,8.88,9.57,1.38,9.42,8.3,3.74,10.9,3.04,2.54,2.52,117.35,87.21,29.06,111.94,28.95,20,8.09,36.49,47.18,61.35,39.46,53.1,134.16,93.12,95.9,52.82,25.68,173.74,7.85,66.73,20.43,309.17,104.91,34.94,26.77,10.78,0.84,0.01,,0,  자동차 신품 부품 제조업
8383,코리아에프티(주),123410,14-Dec,13.58,17.64,28.44,9.18,15.65,21.66,6.63,17.35,10.69,8.47,8.37,1.26,9.15,7.75,3.03,9.73,2.7,2.37,2.47,118.19,84.82,23.37,115.51,26.19,23.35,10.72,47.79,46.4,56.43,35.37,49.28,119.52,78.22,89.86,53.6,28.24,183.47,7.58,58.4,17.1,319.63,72.21,27.27,23.36,9.29,1.47,0.01,,0,  자동차 신품 부품 제조업
8384,코리아에프티(주),123410,15-Dec,8.53,13.79,12.67,11.19,9.62,18.6,4.93,12.91,5.47,4.45,6.06,1.23,8.2,7.09,2.85,8.35,2.7,2.26,2.53,102.28,68.44,15.38,123.74,22.92,17.43,8.35,42.07,44.69,51.27,32.23,48.16,116.37,91.57,105.35,55.31,33.08,1485.25,1.07,59.39,20.84,334.87,70.08,24.54,21.24,6.07,2.55,0.01,,0,  자동차 신품 부품 제조업
8385,코리아에프티(주),123410,16-Dec,10.83,13.09,18.22,6.45,4.3,16.98,3.42,9.63,5.74,4.49,4.38,1.28,8.37,7.31,2.91,7.67,2.99,2.24,2.74,91.48,61.74,10.54,142.32,26.45,12.56,6.12,27.89,41.27,64.09,30.59,45.33,96.29,90.74,120.07,58.73,32.51,0,-4.22,219254.65,185305.96,553851.03,58.53,23.18,19.22,4.77,1.79,0.01,,0,  자동차 신품 부품 제조업
8386,코리아에프티(주),123410,17-Dec,0.48,7.57,15.87,-0.38,-2.43,14.37,0.66,1.71,0.32,0.29,0.73,1.1,8,6.25,2.36,6.05,2.81,1.82,2.53,81.3,56.32,9.57,167.09,30.62,11.34,6.67,23.17,37.44,81.77,29.08,41.98,97.07,86.45,137.92,62.56,30.73,0,-9.66,244300.77,216444.88,609076.39,49.61,19.9,18.7,-2.19,2.52,0.01,,0,  자동차 신품 부품 제조업
8387,코리아에프티(주),123410,18-Dec,2.73,2.15,-10.41,18.81,-1.09,13.4,1.03,3.47,2.05,1.74,1.21,1.17,8.48,6.02,2.59,5.94,3.19,1.86,2.58,94.81,66.15,7.78,175.88,28.26,11.36,6.24,25.63,36.25,77.95,34.06,48.83,99.88,84.69,142.07,63.75,30.23,0,-2.67,232718.09,223639.37,613061.21,57.21,21.72,18.7,1.49,1.94,0.01,,0,  자동차 신품 부품 제조업
8388,코리아에프티(주),123410,19-Dec,2.4,-0.38,2.77,-6.98,4.02,13.47,1.3,4.89,2.45,1.87,1.7,1.32,8.67,6.34,3.05,6.93,3.55,2.09,2.79,97.33,64.07,11.67,164.6,30.18,11.72,5.53,24.16,37.79,79.85,30.01,45.59,120.87,79.54,123.93,62.21,34.17,0,-1.25,244134.04,244950.28,625678.74,65.03,25.38,19.25,-2.39,1.84,0.01,,0,  자동차 신품 부품 제조업
