,회사명,거래소코드,회계년도,이자보상배율,부실기업1
2,(주)CMG제약,58820,13-Dec,0.7,1
10,(주)DB하이텍,990,12-Dec,-0.31,1
26,(주)ES큐브,50120,19-Dec,-0.68,1
27,(주)HJ중공업,97230,11-Dec,0.55,1
36,(주)MH에탄올,23150,11-Dec,0.12,1
69,(주)SNT에너지,100840,17-Dec,0,1
83,(주)ST,11810,13-Dec,-10.71,1
92,(주)TCC스틸,2710,13-Dec,-0.59,1
109,(주)강스템바이오텍,217730,16-Dec,-18.89,1
128,(주)강원에너지,114190,17-Dec,-26.56,1
137,(주)갤럭시아에스엠,11420,17-Dec,-35.52,1
194,(주)고려시멘트,198440,15-Dec,0,1
210,(주)골드앤에스,35290,13-Dec,-3.83,1
220,(주)골드퍼시픽,38530,14-Dec,-4.33,1
226,(주)골프존,215000,15-Dec,0,1
239,(주)골프존뉴딘홀딩스,121440,19-Dec,-0.36,1
244,(주)광림,14200,15-Dec,0.43,1
249,(주)광명전기,17040,11-Dec,0.38,1
259,(주)광무,29480,12-Dec,-2.69,1
267,(주)광주신세계,37710,11-Dec,0,1
294,(주)국보,1140,11-Dec,0.75,1
317,(주)국순당,43650,16-Dec,-327.25,1
321,(주)국영지앤엠,6050,11-Dec,-170.81,1
331,(주)국전약품,307750,19-Dec,0,1
332,(주)그래디언트,35080,11-Dec,-48.06,1
376,(주)금화피에스시,36190,11-Dec,0,1
388,(주)기가레인,49080,16-Dec,-4.14,1
392,(주)기산텔레콤,35460,11-Dec,-3.73,1
402,(주)까뮤이앤씨,13700,12-Dec,0.46,1
412,(주)나노,187790,15-Dec,-4.06,1
428,(주)나노엔텍,39860,12-Dec,-5.04,1
438,(주)나무가,190510,17-Dec,-18.62,1
442,(주)나스미디어,89600,14-Dec,0,1
449,(주)나이벡,138610,12-Dec,-2.68,1
462,(주)나이스디앤비,130580,16-Dec,0,1
479,(주)남선알미늄,8350,12-Dec,-0.73,1
488,(주)남성,4270,12-Dec,-0.01,1
499,(주)내츄럴엔도텍,168330,16-Dec,-34.59,1
506,(주)네오리진,94860,14-Dec,-8.5,1
513,(주)네오셈,253590,19-Dec,-7.64,1
553,(주)네오팜,92730,17-Dec,0,1
557,(주)네오펙트,290660,19-Dec,-15.37,1
558,(주)네온테크,306620,18-Dec,0,1
564,(주)네이블커뮤니케이션즈,153460,16-Dec,0,1
568,(주)네이처셀,7390,11-Dec,-1.42,1
580,(주)네패스,33640,14-Dec,0.66,1
617,(주)넥스트엔터테인먼트월드,160550,18-Dec,-6.46,1
621,(주)넥슨게임즈,225570,17-Dec,-62.24,1
624,(주)넵튠,217270,15-Dec,-3.35,1
656,(주)노블엠앤비,106520,16-Dec,-6.13,1
673,(주)녹십자엠에스,142280,17-Dec,0.26,1
688,(주)녹원씨엔아이,65560,13-Dec,-10.45,1
715,(주)누리플랜,69140,13-Dec,-3.78,1
722,(주)누리플렉스,40160,11-Dec,0.79,1
735,(주)뉴로스,126870,15-Dec,0.61,1
740,(주)뉴보텍,60260,11-Dec,-4.5,1
750,(주)뉴인텍,12340,12-Dec,-3.18,1
769,(주)뉴프렉스,85670,16-Dec,0.53,1
783,(주)다날,64260,12-Dec,-0.31,1
796,(주)다산네트웍스,39560,15-Dec,0.09,1
830,(주)다이나믹디자인,145210,17-Dec,-0.96,1
843,(주)대구백화점,6370,12-Mar,0,1
856,(주)대덕,8060,16-Dec,0,1
865,(주)대동,490,16-Dec,-1.84,1
877,(주)대동스틸,48470,19-Dec,-16.84,1
897,(주)대명소노시즌,7720,12-Dec,-12.1,1
915,(주)대성엘텍,25440,12-Dec,0.62,1
931,(주)대성파인텍,104040,19-Dec,0.32,1
932,(주)대양금속,9190,11-Dec,-1.84,1
980,(주)대유에이텍,2880,18-Dec,0.49,1
985,(주)대유플러스,300,12-Dec,-4.88,1
995,(주)대창,12800,13-Dec,0.06,1
1004,(주)대창솔루션,96350,13-Dec,-1.23,1
1016,(주)대창스틸,140520,19-Dec,0.95,1
1027,(주)대한항공,3490,12-Dec,0.55,1
1046,(주)대호에이엘,69460,13-Dec,0.34,1
1053,(주)대호특수강,21040,11-Dec,0.54,1
1066,(주)더 미동,161570,17-Dec,-171.6,1
1070,(주)더블유아이,73570,11-Dec,0.05,1
1079,(주)더블유에스아이,299170,18-Dec,-1.61,1
1099,(주)덕성,4830,19-Dec,0.54,1
1114,(주)덴티스,261200,17-Dec,-2.33,1
1161,(주)동방,4140,14-Dec,-0.03,1
1169,(주)동방선기,99410,13-Dec,-3.39,1
1205,(주)동성화인텍,33500,18-Dec,-2.75,1
1226,(주)동양,1520,12-Dec,0.34,1
1234,(주)동양고속,84670,11-Dec,0.07,1
1264,(주)동운아나텍,94170,18-Dec,-10.17,1
1287,(주)동일기연,32960,14-Dec,0,1
1314,(주)두산테스나,131970,16-Dec,-2.43,1
1326,(주)듀오백,73190,15-Dec,-123.36,1
1331,(주)드래곤플라이,30350,11-Dec,0,1
1340,(주)드림시큐리티,203650,14-Dec,-1.48,1
1347,(주)드림어스컴퍼니,60570,12-Dec,-19.73,1
1356,(주)디딤,217620,15-Dec,-1.21,1
1392,(주)디아이,3160,12-Dec,0.33,1
1438,(주)디에스앤엘,141020,14-Dec,-16.91,1
1471,(주)디엔에이링크,127120,14-Dec,-6.19,1
1479,(주)디엔에프,92070,13-Dec,-3.18,1
1496,(주)디엠에스,68790,12-Dec,-1.23,1
1507,(주)디오,39840,14-Dec,0.45,1
1514,(주)디와이디,219550,16-Dec,0,1
1518,(주)디이엔티,79810,11-Dec,-7.69,1
1527,(주)디지아이,43360,11-Dec,-4.28,1
1539,(주)디지털대성,68930,12-Dec,0,1
1548,(주)디지틀조선일보,33130,12-Dec,0,1
1577,(주)라온테크,232680,16-Dec,0,1
1595,(주)라이트론,69540,18-Dec,-0.64,1
1611,(주)랩지노믹스,84650,18-Dec,-5.37,1
1614,(주)러셀,217500,16-Dec,-0.55,1
1619,(주)레고켐바이오사이언스,141080,14-Dec,-40.52,1
1632,(주)레드로버,60300,18-Dec,-29.21,1
1649,(주)레이크머티리얼즈,281740,18-Dec,-1.32,1
1651,(주)로보로보,215100,15-Dec,0,1
1668,(주)로지시스,67730,16-Dec,0,1
1679,(주)루멘스,38060,18-Dec,-6.92,1
1681,(주)루트로닉,85370,11-Dec,-2.06,1
1690,(주)룽투코리아,60240,11-Dec,-18.61,1
1715,(주)리더스코스메틱,16100,18-Dec,-5.07,1
1720,(주)리드,197210,18-Dec,-0.21,1
1722,(주)리드코프,12700,11-Dec,0,1
1744,(주)마니커,27740,12-Dec,-1.31,1
1760,(주)마이크로컨텍솔루션,98120,17-Dec,-119.78,1
1766,(주)마이크로프랜드,147760,19-Dec,-12.4,1
1776,(주)만도,204320,14-Dec,0,1
1783,(주)매직마이크로,127160,16-Dec,-4.36,1
1799,(주)멀티캠퍼스,67280,12-Dec,0,1
1821,(주)메디콕스,54180,18-Jun,-0.62,1
1834,(주)메디프론디비티,65650,13-Dec,0,1
1841,(주)메지온,140410,12-Dec,0,1
1854,(주)메타랩스,90370,13-Dec,0.92,1
1871,(주)멕아이씨에스,58110,16-Dec,-3.55,1
1878,(주)멜파스,96640,14-Dec,-6.56,1
1945,(주)모베이스전자,12860,18-Dec,0.15,1
1947,(주)모비스,250060,16-Dec,0,1
1953,(주)모아텍,33200,13-Dec,-24.64,1
1966,(주)모토닉,9680,18-Dec,0,1
1985,(주)무학,33920,19-Dec,-15.45,1
1986,(주)미래생명자원,218150,15-Dec,0,1
1994,(주)미래아이앤지,7120,14-Dec,-8.49,1
2003,(주)미래컴퍼니,49950,14-Dec,-26.93,1
2012,(주)미코,59090,14-Dec,0.9,1
2023,(주)바른손,18700,12-Mar,-8.54,1
2033,(주)바른손이앤에이,35620,13-Dec,-24.82,1
2040,(주)바른전자,64520,11-Dec,-7.08,1
2051,(주)바이넥스,53030,13-Dec,-3.9,1
2059,(주)바이오니아,64550,12-Dec,-2.45,1
2067,(주)바이오로그디바이스,208710,14-Dec,-2.43,1
2074,(주)바이오솔루션,86820,19-Dec,-35.51,1
2086,(주)바이오톡스텍,86040,13-Dec,-4.06,1
2093,(주)바텍,43150,11-Dec,0.5,1
2116,(주)백금티앤에이,46310,14-Dec,0.39,1
2133,(주)버킷스튜디오,66410,13-Dec,0,1
2140,(주)베노홀딩스,206400,14-Dec,-2043.63,1
2151,(주)베스파,299910,18-Dec,0,1
2190,(주)본느,226340,17-Dec,-667.08,1
2194,(주)부-스타,8470,12-Dec,0,1
2223,(주)브리지텍,64480,14-Dec,0,1
2233,(주)브이티지엠피,18290,12-Dec,-1.25,1
2245,(주)블루베리엔에프티,44480,15-Dec,-33.34,1
2263,(주)비덴트,121800,16-Dec,-3.93,1
2267,(주)비보존헬스케어,82800,11-Dec,-2.93,1
2278,(주)비비안,2070,13-Dec,-3.13,1
2300,(주)비아트론,141000,12-Dec,0,1
2318,(주)비엔지티,32790,12-Dec,-5.52,1
2326,(주)비엘,142760,16-Dec,-89.65,1
2383,(주)비츠로시스,54220,15-Mar,-8.03,1
2398,(주)비케이홀딩스,50090,12-Dec,0.71,1
2406,(주)비투엔,307870,18-Dec,-2.47,1
2429,(주)빅텍,65450,12-Dec,-48.21,1
2466,(주)사조오양,6090,14-Dec,-1.68,1
2480,(주)삼기,122350,19-Dec,0.78,1
2527,(주)삼에스코리아,60310,15-Mar,-2.85,1
2560,(주)삼일기업공사,2290,12-Dec,0,1
2587,(주)삼진엘앤디,54090,17-Dec,-2.36,1
2600,(주)삼표시멘트,38500,12-Dec,0.54,1
2610,(주)삼화네트웍스,46390,13-Dec,0,1
2621,(주)상보,27580,15-Dec,-0.53,1
2636,(주)상상인인더스트리,101000,12-Dec,-2.67,1
2654,(주)상지카일룸,42940,12-Dec,-5.95,1
2662,(주)새로닉스,42600,11-Dec,0.11,1
2681,(주)서부티엔디,6730,12-Dec,0.7,1
2697,(주)서산,79650,19-Dec,-2188.81,1
2705,(주)서연,7860,18-Dec,0.2,1
2711,(주)서연이화,200880,18-Dec,0.6,1
2721,(주)서연탑메탈,19770,19-Dec,0.15,1
2722,(주)서울리거,43710,11-Dec,0,1
2731,(주)서울옥션,63170,11-Dec,-6.08,1
2745,(주)서울제약,18680,16-Dec,-0.95,1
2750,(주)서원,21050,12-Dec,0.58,1
2783,(주)서진오토모티브,122690,18-Dec,-0.83,1
2807,(주)서희건설,35890,12-Dec,0.47,1
2831,(주)선앤엘,2820,18-Dec,-1.08,1
2852,(주)성광벤드,14620,18-Dec,-49.86,1
2865,(주)성안,11300,13-Dec,0.46,1
2889,(주)성창오토텍,80470,19-Dec,-0.41,1
2891,(주)세동,53060,11-Dec,0.6,1
2950,(주)세우글로벌,13000,13-Dec,0,1
2968,(주)세원물산,24830,13-Dec,-9.4,1
2982,(주)세원정공,21820,18-Jun,-239.36,1
3010,(주)세진티에스,67770,12-Dec,0,1
3027,(주)세토피아,222810,15-Dec,0,1
3032,(주)세화피앤씨,252500,16-Dec,0,1
3038,(주)센트럴인사이트,12600,12-Dec,-5.87,1
3046,(주)셀루메드,49180,11-Dec,-5.37,1
3055,(주)셀리드,299660,17-Dec,-1249.1,1
3057,(주)셀리버리,268600,18-Dec,-2.29,1
3063,(주)셀바스에이아이,108860,15-Dec,-1.15,1
3070,(주)셀바스헬스케어,208370,16-Dec,-13.61,1
3081,(주)셀트리온제약,68760,16-Dec,-1.77,1
3092,(주)셀피글로벌,68940,15-Dec,0.59,1
3097,(주)소프트센,32680,11-Sep,-11.65,1
3108,(주)손오공,66910,13-Dec,-5.71,1
3115,(주)솔고바이오메디칼,43100,11-Dec,-2.22,1
3128,(주)솔루에타,154040,17-Dec,0.58,1
3132,(주)솔본,35610,12-Dec,-5.31,1
3141,(주)쇼박스,86980,12-Dec,0,1
3150,(주)수산아이앤티,50960,17-Dec,0,1
3164,(주)슈프리마,236200,17-Dec,0,1
3187,(주)스마트솔루션즈,136510,15-Dec,0,1
3200,(주)스맥,99440,19-Dec,-3.97,1
3201,(주)스카이문스테크놀로지,33790,11-Dec,-2052578,1
3212,(주)스킨앤스킨,159910,14-Dec,-12.45,1
3218,(주)스타플렉스,115570,11-Dec,-1.11,1
3227,(주)스튜디오산타클로스엔터테인먼트,204630,14-Dec,0,1
3233,(주)스페코,13810,11-Dec,-0.41,1
3254,(주)시공테크,20710,14-Dec,0,1
3261,(주)시너지이노베이션,48870,12-Dec,-1.24,1
3280,(주)시디즈,134790,13-Dec,0,1
3296,(주)시큐브,131090,17-Dec,0,1
3304,(주)시티랩스,139050,16-Dec,-3.19,1
3318,(주)신성이엔지,11930,12-Dec,-3.08,1
3337,(주)신세계아이앤씨,35510,13-Dec,0,1
3372,(주)신원,9270,12-Dec,0.08,1
3396,(주)신화다이나믹스,1770,17-Dec,-3.14,1
3404,(주)신화콘텍,187270,19-Dec,-0.82,1
3434,(주)싸이토젠,217330,19-Dec,-94.69,1
3438,(주)쌍방울,102280,14-Dec,0.13,1
3444,(주)썸에이지,208640,14-Dec,-1.82,1
3454,(주)쎄노텍,222420,19-Dec,-0.18,1
3455,(주)쎄니트,37760,11-Dec,-1.6,1
3474,(주)쎌마테라퓨틱스,15540,12-Dec,-13.71,1
3486,(주)쎌바이오텍,49960,15-Dec,0,1
3499,(주)쏠리드,50890,19-Dec,-1.32,1
3500,(주)씨씨에스충북방송,66790,11-Dec,0.71,1
3510,(주)씨아이테크,4920,12-Dec,-123.22,1
3518,(주)씨에스,65770,11-Dec,-1.31,1
3527,(주)씨에스에이코스믹,83660,11-Dec,-2.27,1
3539,(주)씨엔플러스,115530,14-Dec,-12.81,1
3548,(주)씨유메디칼시스템,115480,14-Dec,-0.6,1
3578,(주)씨티씨바이오,60590,17-Dec,-4.7,1
3588,(주)아가방앤컴퍼니,13990,15-Dec,0.58,1
3601,(주)아나패스,123860,19-Dec,-35.82,1
3602,(주)아난티,25980,11-Dec,-6.29,1
3617,(주)아리온테크놀로지,58220,17-Dec,-7.79,1
3620,(주)아모그린텍,125210,15-Dec,0,1
3652,(주)아미노로직스,74430,12-Dec,-7.14,1
3674,(주)아바텍,149950,17-Dec,0,1
3688,(주)아센디오,12170,13-Dec,-4.15,1
3695,(주)아스타,246720,17-Dec,-47.72,1
3698,(주)아스트,67390,14-Dec,-0.83,1
3712,(주)아이디스,143160,11-Dec,0,1
3752,(주)아이씨디,40910,15-Sep,-86.48,1
3758,(주)아이앤씨테크놀로지,52860,12-Dec,0,1
3776,(주)아이에스이커머스,69920,12-Dec,-6.45,1
3784,(주)아이에이,38880,11-Dec,-9.2,1
3796,(주)아이에이치큐,3560,14-Dec,-3.99,1
3802,(주)아이엘사이언스,307180,18-Dec,-14.88,1
3810,(주)아이엠,101390,17-Dec,0.77,1
3813,(주)아이엠비씨,52220,11-Dec,0,1
3825,(주)아이오케이컴퍼니,78860,14-Dec,-32.25,1
3838,(주)아이윈,90150,18-Dec,-2.38,1
3841,(주)아이윈플러스,123010,17-Dec,-7.82,1
3844,(주)아이즈비전,31310,11-Dec,-7.38,1
3855,(주)아이컴포넌트,59100,13-Dec,-1,1
3862,(주)아이톡시,52770,11-Dec,-4.31,1
3880,(주)아이티엑스에이아이,99520,15-Dec,-22.96,1
3914,(주)안랩,53800,14-Dec,0,1
3923,(주)안트로젠,65660,19-Dec,-2.66,1
3924,(주)알로이스,297570,18-Dec,-1.6,1
3927,(주)알루코,1780,12-Dec,0.39,1
3942,(주)알에프세미,96610,18-Dec,0.52,1
3960,(주)알테오젠,196170,17-Dec,-3313.32,1
3968,(주)알톤스포츠,123750,16-Dec,-9.65,1
3985,(주)알파홀딩스,117670,17-Dec,-8.6,1
3988,(주)애니플러스,310200,18-Dec,0,1
3993,(주)액션스퀘어,205500,16-Dec,-284.68,1
3997,(주)액토즈소프트,52790,11-Dec,0,1
4014,(주)앤씨앤,92600,13-Dec,-111.75,1
4035,(주)어스앤에어로스페이스,263540,19-Dec,-22.81,1
4036,(주)얼라인드제네틱스,238120,16-Dec,0,1
4046,(주)에너토크,19990,17-Dec,0,1
4061,(주)에스디시스템,121890,11-Dec,0,1
4080,(주)에스비에스콘텐츠허브,46140,12-Dec,0,1
4107,(주)에스앤더블류,103230,12-Dec,0.44,1
4117,(주)에스앤에스텍,101490,13-Dec,-0.6,1
4132,(주)에스에너지,95910,19-Dec,0.35,1
4146,(주)에스에이티,60540,13-Dec,-5.18,1
4173,(주)에스엘바이오닉스,214310,17-Dec,-0.02,1
4178,(주)에스엠라이프디자인그룹,63440,13-Dec,-5.41,1
4186,(주)에스엠벡셀,10580,12-Dec,-4.4,1
4205,(주)에스엠컬처앤콘텐츠,48550,13-Dec,-1.38,1
4222,(주)에스원,12750,12-Dec,0,1
4253,(주)에스지글로벌,1380,15-Dec,-2.56,1
4260,(주)에스지세계물산,4060,13-Dec,-5.63,1
4275,(주)에스지엔지,40610,19-Dec,0.9,1
4289,(주)에스텍파마,41910,15-Dec,0.62,1
4306,(주)에스티오,98660,14-Dec,0.86,1
4313,(주)에스티큐브,52020,12-Dec,-2.17,1
4325,(주)에스폴리텍,50760,15-Dec,-0.91,1
4350,(주)에쎈테크,43340,12-Dec,0.34,1
4360,(주)에이디칩스,54630,13-Dec,-10.77,1
4370,(주)에이디테크놀로지,200710,17-Dec,-1.02,1
4379,(주)에이루트,96690,17-Dec,-2.33,1
4387,(주)에이블씨엔씨,78520,16-Dec,0,1
4394,(주)에이비프로바이오,195990,18-Dec,-1.31,1
4396,(주)에이스침대,3800,11-Dec,0,1
4411,(주)에이스테크놀로지,88800,17-Dec,-1.45,1
4415,(주)에이엔피,15260,11-Dec,0.92,1
4450,(주)에이치엘사이언스,239610,18-Dec,0,1
4476,(주)에이트원,230980,17-Dec,-1.68,1
4484,(주)에이티세미콘,89530,16-Dec,-1.9,1
4490,(주)에이팩트,200470,16-Dec,-10.41,1
4502,(주)에이프로젠,7460,19-Dec,0.28,1
4503,(주)에이프로젠헬스케어앤게임즈,109960,11-Dec,-21.05,1
4512,(주)에치에프알,230240,15-Dec,0,1
4518,(주)에코마케팅,230360,17-Dec,0,1
4534,(주)에프알텍,73540,12-Dec,0,1
4542,(주)에프앤리퍼블릭,64090,11-Dec,-1.37,1
4579,(주)에프엔씨엔터테인먼트,173940,19-Dec,-9.36,1
4592,(주)엑세스바이오인코퍼레이션,950130,16-Dec,-1.37,1
4596,(주)엑셈,205100,14-Dec,-4.27,1
4634,(주)엔에스엔,31860,14-Dec,0.73,1
4646,(주)엔에이치엔벅스,104200,17-Dec,0,1
4652,(주)엔이능률,53290,14-Dec,0,1
4660,(주)엔지스테크널러지,208860,18-Dec,-0.83,1
4662,(주)엔지켐생명과학,183490,18-Dec,-129.69,1
4666,(주)엔케이,85310,13-Dec,-2.19,1
4673,(주)엔케이맥스,182400,15-Dec,-135.11,1
4680,(주)엔텔스,69410,13-Dec,0,1
4688,(주)엔투텍,227950,16-Dec,0,1
4691,(주)엔피,291230,18-Dec,-1.36,1
4701,(주)엔피케이,48830,19-Dec,-0.82,1
4702,(주)엘디티,96870,11-Dec,0,1
4713,(주)엘아이에스,138690,13-Dec,-4.49,1
4724,(주)엘앤에프,66970,13-Dec,-0.88,1
4733,(주)엘앤케이바이오메드,156100,18-Dec,-4.4,1
4745,(주)엘에스네트웍스,680,12-Dec,0.46,1
4764,(주)엘엑스세미콘,108320,13-Dec,0,1
4802,(주)엘오티베큠,83310,15-Dec,0,1
4852,(주)엠게임,58630,12-Dec,0.19,1
4914,(주)엠피대산,65150,16-Dec,0.45,1
4936,(주)영우디에스피,143540,18-Dec,-10.34,1
4960,(주)영풍,670,15-Dec,-0.66,1
4971,(주)영흥,12160,17-Dec,0.56,1
4983,(주)예선테크,250930,16-Dec,-3.62,1
5000,(주)예스티,122640,19-Dec,-16.94,1
5031,(주)오르비텍,46120,14-Dec,-1.47,1
5038,(주)오리엔탈정공,14940,12-Dec,-3.42,1
5048,(주)오리엔트바이오,2630,13-Mar,0.98,1
5055,(주)오리엔트정공,65500,11-Dec,-4.65,1
5079,(주)오리콤,10470,14-Dec,0,1
5086,(주)오스코텍,39200,12-Dec,-0.81,1
5094,(주)오스테오닉,226400,18-Dec,0.19,1
5104,(주)오스템,31510,19-Dec,-1.94,1
5109,(주)오이솔루션,138080,18-Dec,0.49,1
5113,(주)오킨스전자,80580,16-Dec,-12.63,1
5138,(주)오하임아이엔티,309930,19-Dec,-1.45,1
5139,(주)옵투스제약,131030,11-Dec,0,1
5152,(주)옵트론텍,82210,15-Dec,0.38,1
5158,(주)옵티팜,153710,19-Dec,-7.51,1
5164,(주)와이비엠넷,57030,16-Dec,-6.77,1
5196,(주)와이오엠,66430,12-Jun,-5.71,1
5208,(주)와이제이엠게임즈,193250,18-Dec,-2.6,1
5211,(주)와이즈버즈,273060,18-Dec,-1.7,1
5222,(주)와이지엔터테인먼트,122870,11-Dec,0,1
5233,(주)와이지플러스,37270,13-Dec,-75.65,1
5241,(주)와이투솔루션,11690,12-Dec,0.47,1
5253,(주)와이티엔,40300,15-Dec,-2.28,1
5264,(주)우리기술,32820,13-Dec,-4.33,1
5282,(주)우리로,46970,14-Dec,-11.19,1
5295,(주)우성,6980,18-Dec,-2.18,1
5305,(주)우신시스템,17370,19-Dec,0.16,1
5307,(주)우정바이오,215380,15-Dec,0,1
5327,(주)우진,105840,17-Dec,-3.72,1
5336,(주)우진플라임,49800,15-Dec,-2.09,1
5341,(주)웅진,16880,11-Dec,-0.73,1
5369,(주)원바이오젠,307280,19-Dec,-1.68,1
5370,(주)원익,32940,11-Dec,0.96,1
5394,(주)원익큐브,14190,13-Dec,0.94,1
5448,(주)월덱스,101160,13-Dec,-1.44,1
5457,(주)웨이브일렉트로닉스,95270,12-Dec,-10.79,1
5480,(주)웰크론한텍,76080,17-Dec,0.73,1
5487,(주)웹스,196700,19-Dec,0.45,1
5506,(주)위닉스,44340,16-Dec,0.69,1
5514,(주)위메이드,112040,15-Dec,-12.98,1
5523,(주)위메이드맥스,101730,15-Dec,-8.79,1
5528,(주)위메이드플레이,123420,11-Dec,-3,1
5557,(주)윈스,136540,11-Dec,0,1
5567,(주)윈팩,97800,14-Dec,0.05,1
5588,(주)윌비스,8600,19-Dec,-2.31,1
5605,(주)유니온,910,18-Dec,-0.26,1
5612,(주)유니켐,11330,12-Dec,-3.86,1
5652,(주)유라테크,48430,18-Dec,0,1
5660,(주)유비케어,32620,14-Dec,0,1
5667,(주)유비쿼스,264450,18-Dec,0,1
5676,(주)유비쿼스홀딩스,78070,18-Dec,0,1
5679,(주)유성티엔에스,24800,12-Dec,0.41,1
5688,(주)유수홀딩스,700,12-Dec,-19.16,1
5696,(주)유신,54930,11-Dec,-12.47,1
5705,(주)유씨아이,38340,11-Dec,-0.38,1
5719,(주)유아이디,69330,16-Dec,-1.52,1
5723,(주)유에스티,263770,17-Dec,0,1
5737,(주)유진로봇,56080,13-Dec,-3.39,1
5746,(주)유진테크,84370,13-Dec,0,1
5755,(주)유테크,178780,17-Dec,-5.45,1
5762,(주)유틸렉스,263050,19-Dec,-112.78,1
5784,(주)율호,72770,18-Dec,-6.93,1
5787,(주)이건홀딩스,39020,12-Dec,0.45,1
5798,(주)이글루코퍼레이션,67920,14-Dec,-58.26,1
5824,(주)이노와이어리스,73490,15-Dec,-23.11,1
5830,(주)이노인스트루먼트,215790,16-Dec,0,1
5856,(주)이랜시스,264850,17-Dec,-0.92,1
5866,(주)이랜텍,54210,18-Dec,0.16,1
5874,(주)이루온,65440,17-Dec,-0.53,1
5892,(주)이미지스테크놀로지,115610,17-Dec,0,1
5902,(주)이브이수성,84180,18-Dec,-1.28,1
5908,(주)이브이첨단소재,131400,15-Dec,-18.85,1
5923,(주)이수앱지스,86890,12-Dec,-6.49,1
5938,(주)이수페타시스,7660,18-Dec,0.82,1
5943,(주)이수화학,5950,14-Dec,-0.99,1
5949,(주)이스타코,15020,11-Dec,-0.68,1
5960,(주)이스트소프트,47560,13-Dec,-2.77,1
5977,(주)이아이디,93230,12-Dec,-17.54,1
5995,(주)이엔코퍼레이션,66980,12-Dec,-4.25,1
6004,(주)이엔플러스,74610,12-Dec,-6.38,1
6030,(주)이엠앤아이,83470,17-Dec,-1.35,1
6056,(주)이원,17940,16-Dec,0.24,1
6061,(주)이월드,84680,12-Dec,-0.46,1
6097,(주)이크레더블,92130,13-Dec,0,1
6105,(주)이퓨쳐,134060,12-Dec,-19020.62,1
6114,(주)인디에프,14990,12-Dec,-2.03,1
6124,(주)인바디,41830,13-Dec,0,1
6133,(주)인바이오젠,101140,13-Dec,-7.15,1
6140,(주)인산가,277410,17-Dec,-0.3,1
6153,(주)인스코비,6490,12-Dec,-39.21,1
6164,(주)인지디스플레이,37330,14-Dec,-0.1,1
6178,(주)인콘,83640,19-Dec,-0.87,1
6179,(주)인터로조,119610,11-Dec,0,1
6200,(주)인터플렉스,51370,14-Dec,-21.86,1
6209,(주)인텍플러스,64290,14-Dec,-5.46,1
6222,(주)인트로메딕,150840,16-Dec,-4.46,1
6226,(주)인트론바이오테크놀로지,48530,11-Dec,0.65,1
6244,(주)인포마크,175140,15-Dec,-1.55,1
6249,(주)인포바인,115310,11-Dec,0,1
6259,(주)인피니트헬스케어,71200,12-Dec,-5.34,1
6275,(주)일신바이오베이스,68330,18-Dec,0.03,1
6281,(주)일신석재,7110,15-Dec,-5.83,1
6287,(주)일야,58450,12-Dec,-17.29,1
6302,(주)일지테크,19540,18-Dec,0.27,1
6314,(주)잇츠한불,226320,16-Dec,0,1
6321,(주)잉크테크,49550,14-Dec,-1.87,1
6327,(주)자비스,254120,16-Dec,-0.67,1
6331,(주)자연과환경,43910,11-Dec,-7.76,1
6344,(주)정다운,208140,14-Dec,0,1
6353,(주)정상제이엘에스,40420,14-Dec,0,1
6369,(주)제넥신,95700,12-Dec,-3.54,1
6380,(주)제넨바이오,72520,14-Dec,-19.09,1
6392,(주)제노포커스,187420,19-Dec,-11.55,1
6400,(주)제닉,123330,18-Dec,-11.16,1
6404,(주)제로투세븐,159580,15-Dec,-1.74,1
6437,(주)제이시스메디칼,287410,19-Dec,0,1
6449,(주)제이에스티나,26040,18-Dec,-1.53,1
6452,(주)제이와이피엔터테인먼트,35900,11-Jun,0.58,1
6462,(주)제이웨이,58420,12-Dec,-16.6,1
6475,(주)제이티,89790,16-Dec,-10.94,1
6509,(주)제주반도체,80220,13-Dec,-44.31,1
6522,(주)젬백스&카엘,82270,11-Dec,-1.12,1
6533,(주)젬백스링크,64800,13-Dec,-55.99,1
6541,(주)조비,1550,12-Dec,-0.69,1
6552,(주)조이시티,67000,14-Dec,0.02,1
6567,(주)종근당,185750,13-Dec,0,1
6598,(주)좋은사람들,33340,17-Dec,-16.81,1
6601,(주)주연테크,44380,11-Dec,0,1
6613,(주)중앙디앤엠,51980,14-Dec,-16.7,1
6651,(주)지란지교시큐리티,208350,15-Dec,-0.9,1
6657,(주)지씨셀,144510,17-Dec,0,1
6660,(주)지어소프트,51160,11-Dec,-54.28,1
6717,(주)지엔코,65060,16-Dec,0.51,1
6731,(주)지티지웰니스,219750,19-Dec,-5.36,1
6751,(주)진매트릭스,109820,12-Dec,-5.6,1
6761,(주)진바이오텍,86060,13-Dec,0.15,1
6807,(주)천일고속,650,13-Dec,0,1
6816,(주)체리부로,66360,19-Dec,-3,1
6821,(주)체시스,33250,15-Jun,-1.55,1
6829,(주)초록뱀미디어,47820,14-Dec,-283.99,1
6837,(주)초록뱀이앤엠,131100,13-Dec,-1.24,1
6843,(주)초록뱀컴퍼니,52300,11-Dec,-38.52,1
6852,(주)초록뱀헬스케어,118000,11-Dec,-1.63,1
6865,(주)칩스앤미디어,94360,17-Dec,0,1
6874,(주)카스,16920,15-Dec,0.26,1
6880,(주)카이노스메드,284620,19-Dec,-2.35,1
6886,(주)카프로,6380,13-Dec,-18.79,1
6925,(주)컴투스홀딩스,63080,18-Dec,-9.06,1
6927,(주)케스피온,79190,11-Dec,-6.4,1
6939,(주)케어젠,214370,16-Dec,0,1
6970,(주)케이씨씨건설,21320,13-Dec,-3.23,1
6989,(주)케이씨에스,115500,14-Dec,0,1
6996,(주)케이씨텍,281820,18-Dec,0,1
7020,(주)케이씨피드,25880,15-Dec,-0.31,1
7025,(주)케이아이엔엑스,93320,11-Dec,0,1
7046,(주)케이에스피,73010,14-Dec,-0.67,1
7058,(주)케이에이치바텍,60720,17-Dec,-9.95,1
7069,(주)케이에이치필룩스,33180,19-Dec,0.44,1
7080,(주)케이엑스하이텍,52900,12-Dec,-4.14,1
7090,(주)케이엔더블유,105330,13-Dec,0.13,1
7097,(주)케이엔엔,58400,11-Dec,0,1
7129,(주)케이엠더블유,32500,15-Dec,-6.49,1
7135,(주)케이이씨,92220,12-Dec,-1.64,1
7207,(주)케이티알파,36030,12-Dec,-69.58,1
7226,(주)케이프,64820,13-Dec,-1.26,1
7246,(주)케이피엠테크,42040,12-Dec,-2.39,1
7266,(주)켐온,217600,15-Dec,-1.31,1
7275,(주)켐트로닉스,89010,15-Dec,-1.12,1
7292,(주)코다코,46070,18-Dec,-1.51,1
7296,(주)코데즈컴바인,47770,13-Dec,-5.79,1
7305,(주)코디,80530,13-Dec,0.6,1
7314,(주)코디엠,224060,17-Dec,-1.59,1
7322,(주)코렌텍,104540,18-Dec,-4.38,1
7325,(주)코리아나화장품,27050,12-Dec,-10.65,1
7347,(주)코리아에스이,101670,15-Dec,0,1
7374,(주)코미팜,41960,12-Dec,0.59,1
7385,(주)코세스,89890,14-Dec,-4.59,1
7392,(주)코센,9730,12-Dec,-2.47,1
7400,(주)코스나인,82660,11-Dec,-9.06,1
7415,(주)코스온,69110,13-Dec,-0.37,1
7422,(주)코썬바이오,204990,16-Dec,0,1
7431,(주)코아스,71950,16-Dec,-2.31,1
7437,(주)코아시아,45970,13-Dec,0.03,1
7445,(주)코아시아옵틱스,196450,15-Dec,-102.09,1
7453,(주)코엔텍,29960,14-Dec,0,1
7461,(주)코오롱,2020,13-Dec,0.73,1
7469,(주)코원플레이,56000,12-Dec,-8.01,1
7480,(주)코이즈,121850,14-Dec,-0.15,1
7500,(주)코텍,52330,16-Dec,0,1
7518,(주)콤텍시스템,31820,14-Dec,-29.29,1
7528,(주)큐로,15590,15-Dec,-2.02,1
7534,(주)큐로컴,40350,12-Dec,-3.15,1
7542,(주)큐로홀딩스,51780,11-Dec,-0.57,1
7551,(주)큐리언트,115180,16-Dec,0,1
7555,(주)큐브엔터테인먼트,182360,13-Dec,0,1
7569,(주)큐에스아이,66310,18-Dec,0,1
7611,(주)클라우드에어,36170,19-Dec,0,1
7612,(주)클래시스,214150,15-Dec,-1.32,1
7622,(주)키다리스튜디오,20120,12-Dec,-15.24,1
7631,(주)키이스트,54780,12-Dec,0,1
7642,(주)타이거일렉,219130,18-Dec,0,1
7656,(주)탑코미디어,134580,16-Dec,0,1
7704,(주)태웅,44490,18-Dec,-4.38,1
7707,(주)테라젠이텍스,66700,11-Dec,-2.78,1
7738,(주)텔레칩스,54450,12-Dec,-252.87,1
7757,(주)텔콘알에프제약,200230,16-Dec,-7.56,1
7764,(주)토니모리,214420,18-Dec,-2.26,1
7766,(주)토박스코리아,215480,15-Dec,0,1
7781,(주)토탈소프트뱅크,45340,12-Dec,-40.02,1
7805,(주)투비소프트,79970,18-Dec,-4.83,1
7809,(주)트루윈,105550,16-Dec,-11.88,1
7813,(주)특수건설,26150,11-Dec,-3.35,1
7844,(주)티사이언티픽,57680,12-Dec,-22.79,1
7854,(주)티씨케이,64760,13-Dec,0,1
7862,(주)티앤알바이오팹,246710,19-Dec,-149.08,1
7863,(주)티에스넥스젠,43220,11-Dec,-3.12,1
7877,(주)티에스이,131290,16-Dec,-21.96,1
7884,(주)티에이치엔,19180,13-Dec,-4.34,1
7897,(주)티엘아이,62860,17-Dec,0,1
7903,(주)티웨이홀딩스,4870,11-Dec,-1.95,1
7914,(주)티케이케미칼,104480,13-Dec,0.05,1
7938,(주)티피씨,130740,19-Dec,0.24,1
7948,(주)파나진,46210,11-Dec,-0.23,1
7964,(주)파라다이스,34230,18-Dec,0.07,1
7974,(주)파라텍,33540,19-Dec,-29,1
7975,(주)파루,43200,11-Dec,-8.8,1
7990,(주)파멥신,208340,19-Dec,-2.38,1
8032,(주)파인디앤씨,49120,12-Dec,-1,1
8044,(주)파인디지털,38950,15-Dec,-2612.97,1
8055,(주)파인테크닉스,106240,17-Dec,-7.63,1
8087,(주)판타지오,32800,12-Dec,-10.91,1
8117,(주)팬스타엔터프라이즈,54300,14-Dec,0.45,1
8126,(주)팬엔터테인먼트,68050,14-Dec,0.67,1
8133,(주)팬젠,222110,17-Dec,-3891370.09,1
8136,(주)퍼시스,16800,11-Dec,0,1
8148,(주)펩트론,87010,16-Dec,-51.71,1
8173,(주)포스코엠텍,9520,14-Dec,-3.21,1
8190,(주)포시에스,189690,16-Jun,0,1
8195,(주)포인트엔지니어링,256630,18-Dec,0,1
8206,(주)폴라리스오피스,41020,16-Dec,0,1
8219,(주)푸드나무,290720,18-Dec,0,1
8234,(주)푸른기술,94940,15-Dec,-17.72,1
8276,(주)퓨쳐켐,220100,17-Dec,-1402.32,1
8292,(주)프로스테믹스,203690,18-Dec,-8130.7,1
8318,(주)플래스크,41590,16-Dec,-2.28,1
8333,(주)플레이그램,9810,13-Dec,0,1
8340,(주)플레이위드,23770,11-Dec,-7.92,1
8355,(주)피델릭스,32580,16-Dec,-8.77,1
8372,(주)피에스엠씨,24850,15-Dec,-34.23,1
8376,(주)피에이치씨,57880,11-Dec,0.62,1
8393,(주)피엔풍년,24940,11-Dec,-1.39,1
8417,(주)피제이전자,6140,17-Dec,0,1
8422,(주)픽셀플러스,87600,16-Dec,0,1
8428,(주)필옵틱스,161580,19-Dec,-8.61,1
8442,(주)하림,136480,15-Dec,0.82,1
8468,(주)하이소닉,106080,14-Dec,-12.69,1
8477,(주)하이스틸,71090,14-Dec,0.93,1
8483,(주)하이텍팜,106190,11-Dec,0,1
8492,(주)하이트론씨스템즈,19490,11-Dec,-6.23,1
8503,(주)하츠,66130,13-Dec,-9.26,1
8529,(주)한국비엔씨,256840,17-Dec,0,1
8533,(주)한국전자홀딩스,6200,12-Dec,-11.91,1
8548,(주)한국종합기술,23350,18-Dec,-3.58,1
8563,(주)한국코퍼레이션,50540,15-Dec,-2,1
8578,(주)한국테크놀로지,53590,12-Dec,-47.94,1
8588,(주)한국특강,7280,13-Dec,0,1
8597,(주)한국팩키지,37230,13-Dec,-117.63,1
8605,(주)한국화장품제조,3350,12-Dec,-3.77,1
8617,(주)한글과컴퓨터,30520,15-Dec,0,1
8652,(주)한라,14790,13-Dec,-2.32,1
8682,(주)한빛소프트,47080,16-Dec,-5.34,1
8722,(주)한송네오텍,226440,15-Dec,0,1
8737,(주)한일진공,123840,12-Dec,-0.63,1
8751,(주)한진,2320,17-Dec,0.35,1
8756,(주)한진중공업홀딩스,3480,13-Dec,-3.5,1
8770,(주)한창,5110,11-Dec,-2.77,1
8783,(주)한창바이오텍,43090,15-Dec,0.1,1
8800,(주)한컴위드,54920,14-Dec,0.03,1
8806,(주)한탑,2680,11-Dec,0,1
8826,(주)핸디소프트,220180,18-Dec,-5.78,1
8835,(주)헬릭스미스,84990,12-Dec,-11.97,1
8845,(주)현대공업,170030,15-Dec,0,1
8871,(주)현대미포조선,10620,14-Dec,-71.73,1
8906,(주)현대이지웰,90850,15-Dec,0,1
8935,(주)협진,138360,19-Dec,0.3,1
8936,(주)형지아이앤씨,11080,11-Dec,-10.34,1
8951,(주)형지엘리트,93240,17-Jun,-0.57,1
8956,(주)혜인,3010,13-Dec,0.17,1
8978,(주)홈센타홀딩스,60560,17-Dec,0.39,1
8983,(주)홈캐스트,64240,13-Dec,-17.31,1
9019,(주)화신,10690,18-Dec,-1.275597572,1
9056,(주)후성,93370,13-Dec,-3.276317237,1
9075,(주)휴니드테크놀러지스,5870,12-Dec,-1.463901812,1
9090,(주)휴맥스,115160,18-Dec,-2.005979995,1
9099,(주)휴맥스홀딩스,28080,18-Dec,-15.71498667,1
9103,(주)휴먼엔,32860,13-Dec,-4.258577585,1
9134,(주)휴센텍,215090,16-Dec,0,1
9149,(주)휴엠앤씨,263920,19-Dec,0.394903257,1
9193,AJ네트웍스(주),95570,19-Dec,0.378463851,1
9218,KD(주),44180,14-Dec,-9.317370632,1
9225,KG스틸(주),16380,12-Dec,0.084640553,1
9243,LG이노텍(주),11070,12-Dec,0.705087128,1
9263,OCI(주),10060,14-Dec,0.477023259,1
9293,SNT중공업(주),3570,17-Dec,-174.4126477,1
9298,ST엔진(주),77970,13-Dec,-0.796185972,1
9308,ST중공업(주),71970,14-Dec,-0.727622501,1
9314,가온미디어(주),78890,11-Dec,-3.285425331,1
9333,감성코퍼레이션(주),36620,12-Dec,-2.005611934,1
9350,갤럭시아머니트리(주),94480,11-Dec,-4.520757016,1
9376,경남제약(주),53950,19-Dec,-9.736789218,1
9387,경인전자(주),9140,12-Dec,0,1
9395,경창산업(주),24910,11-Dec,0.483766245,1
9407,계룡건설산업(주),13580,14-Dec,-4.232338979,1
9438,고려신용정보(주),49720,18-Dec,0,1
9477,광전자(주),17900,12-Dec,-3.778076576,1
9490,광진실업(주),26910,16-Dec,0.378749358,1
9509,국일제지(주),78130,11-Dec,0.103509976,1
9518,국제약품(주),2720,11-Mar,0,1
9568,글로벌텍스프리(주),204620,15-Dec,0,1
9574,글로본(주),19660,12-Mar,0,1
9582,금강공업(주),14280,11-Dec,0.908430723,1
9601,금호건설(주),2990,12-Dec,-1.59566178,1
9620,금호전기(주),1210,13-Dec,-0.350324244,1
9627,금호타이어(주),73240,11-Dec,0.970059309,1
9641,기신정기(주),92440,16-Mar,0,1
9661,깨끗한나라(주),4540,18-Dec,-3.578584702,1
9668,나노캠텍(주),91970,16-Dec,-7.3380632,1
9682,나무기술(주),242040,17-Dec,0,1
9700,나이스평가정보(주),30190,17-Dec,0,1
9704,남광토건(주),1260,12-Dec,-5.241700124,1
9713,남양유업(주),3920,12-Dec,0,1
9731,남화산업(주),111710,19-Dec,0,1
9732,남화토건(주),91590,12-Dec,0,1
9770,농업회사법인아시아종묘(주),154030,19-Sep,-2.089072378,1
9773,뉴지랩파마(주),214870,17-Dec,-37.15831293,1
9776,다믈멀티미디어(주),93640,11-Dec,-6.103633456,1
9805,대동기어(주),8830,13-Dec,0.279753943,1
9814,대동전자(주),8110,13-Mar,-11.45359501,1
9821,대림비앤코(주),5750,11-Dec,0.450978137,1
9831,대림통상(주),6570,12-Dec,-0.096677365,1
9870,대성산업(주),128820,12-Dec,-0.251854151,1
9942,대우전자부품(주),9320,12-Dec,-2.98292343,1
9950,대우조선해양(주),42660,11-Dec,0,1
10005,대원화성(주),24890,12-Dec,0.228201995,1
10023,대주산업(주),3310,12-Dec,0.613513276,1
10034,대주전자재료(주),78600,14-Dec,0.234762767,1
10052,대한광통신(주),10170,14-Dec,0.205808614,1
10060,대한그린파워(주),60900,13-Dec,-0.557160321,1
10077,대한방직(주),1070,12-Dec,-1.360066091,1
10104,대한전선(주),1440,12-Dec,-0.428988912,1
10140,대한해운(주),5880,12-Dec,-0.841104296,1
10150,대한화섬(주),3830,13-Dec,-3.716993853,1
10167,더이앤엠(주),89230,12-Dec,0.424234713,1
10176,덕산네오룩스(주),213420,16-Dec,0,1
10191,덕양산업(주),24900,13-Dec,0,1
10203,데브시스터즈(주),194480,16-Dec,0,1
10210,도이치모터스(주),67990,14-Dec,-0.1155645,1
10227,동국제강(주),1230,13-Dec,0.404966336,1
10244,동부건설(주),5960,12-Dec,0.656615656,1
10255,동성제약(주),2210,14-Dec,-1.170369755,1
10310,동양철관(주),8970,14-Dec,-3.399042149,1
10319,동양파일(주),228340,19-Dec,-2086.223404,1
10331,동원금속(주),18500,19-Mar,-1.196617868,1
10343,동원수산(주),30720,13-Dec,-5.594214572,1
10382,동일산업(주),4890,17-Dec,0,1
10391,동일철강(주),23790,12-Dec,-1.768656418,1
10401,동화기업(주),25900,13-Dec,-0.17134934,1
10415,동화약품(주),20,18-Dec,0,1
10468,디엑스앤브이엑스(주),180400,16-Dec,0,1
10475,디엘(주),210,14-Dec,-3.331258019,1
10482,디엘건설(주),1880,12-Dec,0.655468801,1
10500,디와이씨(주),310870,19-Dec,0,1
10517,디젠스(주),113810,14-Dec,-4.547603092,1
10535,라온시큐어(주),42510,14-Dec,-42.3425452,1
10544,램테크놀러지(주),171010,15-Dec,-0.709331328,1
10564,롯데관광개발(주),32350,12-Dec,0.140915013,1
10584,롯데정밀화학(주),4000,14-Dec,-1.33685187,1
10632,리노공업(주),58470,12-Dec,0,1
10642,마이크로로봇(주),182690,16-Dec,0,1
10673,메가스터디(주),72870,17-Dec,-42.04269068,1
10686,메디앙스(주),14100,11-Dec,-3.891676744,1
10697,메디포스트(주),78160,13-Dec,-7.444796363,1
10706,명문제약(주),17180,13-Dec,0.99857514,1
10720,모트렉스(주),118990,19-Dec,-0.212258971,1
10761,미래나노텍(주),95500,14-Dec,-7.785998607,1
10767,미래산업(주),25560,11-Dec,-2.855634297,1
10776,미스터블루(주),207760,14-Dec,0,1
10808,미원화학(주),134380,16-Dec,0,1
10828,바이온(주),32980,12-Jun,0.068049383,1
10839,백광산업(주),1340,14-Dec,-3.331088354,1
10846,범양건영(주),2410,12-Dec,-4.021330389,1
10855,베뉴지(주),19010,12-Dec,-0.206228533,1
10866,보성파워텍(주),6910,14-Dec,-2.570818718,1
10872,보해양조(주),890,11-Dec,0.579227128,1
10883,부광약품(주),3000,13-Dec,0,1
10891,부국철강(주),26940,12-Dec,0,1
10909,부산주공(주),5030,12-Dec,0,1
10925,비에이치아이(주),83650,15-Dec,-4.54535426,1
10930,비케이탑스(주),30790,11-Dec,0,1
10939,비플라이소프트(주),148780,16-Dec,0,1
10943,빛샘전자(주),72950,12-Dec,0,1
10952,사조동아원(주),8040,12-Dec,0.353649313,1
10974,사조씨푸드(주),14710,17-Dec,0,1
10977,삼강엠앤티(주),100090,11-Dec,0,1
10996,삼목에스폼(주),18310,12-Dec,0,1
11013,삼보산업(주),9620,11-Dec,0,1
11022,삼부토건(주),1470,11-Dec,-1.778510783,1
11036,삼성SDI(주),6400,16-Dec,-26.36126489,1
11048,삼성공조(주),6660,19-Dec,-16.5495786,1
11051,삼성물산(주),28260,16-Dec,0.666868283,1
11056,삼성바이오로직스(주),207940,17-Dec,0,1
11093,삼성제약(주),1360,12-Dec,0,1
11106,삼성중공업(주),10140,16-Dec,-2.14090478,1
11110,삼아알미늄(주),6110,11-Dec,0,1
11120,삼아제약(주),9300,12-Dec,0,1
11150,삼영무역(주),2810,15-Dec,0,1
11162,삼영엠텍(주),54540,18-Dec,0.928543405,1
11165,삼영이엔씨(주),65570,12-Dec,0,1
11185,삼영화학공업(주),3720,14-Dec,-12.10261092,1
11191,삼익티에이치케이(주),4380,11-Dec,0,1
11200,삼일제약(주),520,11-Dec,-4.492794161,1
11210,삼정펄프(주),9770,12-Dec,0,1
11218,삼지전자(주),37460,11-Dec,0,1
11228,삼진제약(주),5500,12-Dec,0,1
11236,삼천당제약(주),250,11-Dec,0,1
11246,삼천리자전거(주),24950,12-Dec,0,1
11254,삼현철강(주),17480,11-Dec,0,1
11273,삼화왕관(주),4450,12-Dec,0,1
11282,삼화전기(주),9470,12-Dec,0.63908528,1
11291,삼화전자공업(주),11230,12-Dec,-1.842632932,1
11331,상신이디피(주),91580,16-Dec,-0.242807329,1
11361,서암기계공업(주),100660,12-Dec,0,1
11369,서울도시가스(주),17390,11-Dec,-2.552706687,1
11393,서울식품공업(주),4410,17-Dec,0,1
11396,서울전자통신(주),27040,11-Dec,-1.326607771,1
11405,서호전기(주),65710,11-Dec,0,1
11422,선도전기(주),7610,19-Dec,-1.422310977,1
11425,성문전자(주),14910,13-Dec,-12.18459698,1
11432,성보화학(주),3080,11-Dec,0,1
11441,성신양회(주),4980,11-Dec,-0.873413039,1
11459,성우테크론(주),45300,11-Dec,-0.651393955,1
11470,성창기업지주(주),180,13-Dec,-1.388930741,1
11479,성호전자(주),43260,13-Dec,-1.334475699,1
11486,세기상사(주),2420,11-Dec,-0.546718017,1
11495,세명전기공업(주),17510,11-Dec,0,1
11514,세방전지(주),4490,12-Dec,0,1
11523,세원이앤씨(주),91090,12-Dec,0.898708023,1
11538,세종공업(주),33530,18-Dec,0.02888108,1
11541,세종텔레콤(주),36630,12-Dec,-0.686381379,1
11549,세하(주),27970,11-Dec,0,1
11558,소니드(주),60230,11-Dec,-1.68352972,1
11568,소프트캠프(주),258790,18-Dec,0,1
11593,시그네틱스(주),33170,12-Dec,0,1
11619,신라섬유(주),1000,11-Dec,0,1
11628,신라에스지(주),25870,11-Dec,0,1
11638,신라젠(주),215600,17-Dec,-14.038753,1
11672,신송홀딩스(주),6880,17-Dec,-0.917956486,1
11691,신일전자(주),2700,15-Dec,-8.046932001,1
11715,신풍제지(주),2870,12-Dec,-7.908562207,1
11745,쌍용자동차(주),3620,12-Dec,-11.12284217,1
11757,쌍용정보통신(주),10280,15-Dec,-53.66150444,1
11763,써니전자(주),4770,12-Dec,-6.050728647,1
11777,씨비아이(주),13720,17-Dec,-0.944411731,1
11781,씨아이에스(주),222080,16-Dec,0,1
11789,씨앤티85(주),56730,13-Dec,-5.886895532,1
11859,씨케이에이치푸드앤헬스리미티드,900120,12-Jun,0,1
11877,아남전자(주),8700,12-Dec,-0.493323382,1
11892,아비코전자(주),36010,11-Dec,-2.989306782,1
11931,아시아나항공(주),20560,14-Dec,0.642277095,1
11952,아이진(주),185490,16-Dec,-827.0757678,1
11956,아이큐어(주),175250,18-Dec,-11.59587598,1
11969,아이텍(주),119830,13-Dec,0.952558656,1
11993,알서포트(주),131370,12-Dec,0,1
12005,알에프에이치아이씨(주),218410,15-Dec,-2.17,1
12024,애니젠(주),196300,19-Dec,-3.45,1
12025,애머릿지코퍼레이션,900100,11-Dec,-8.8,1
12034,앱클론(주),174900,17-Dec,-33.02,1
12051,에스넷시스템(주),38680,16-Dec,-11.7,1
12057,에스디엔(주),99220,13-Dec,0.37,1
12068,에스맥(주),97780,15-Dec,-25.28,1
12077,에스비더블유생명과학(주),151910,16-Dec,-19.13,1
12081,에스비아이핀테크솔루션즈(주),950110,13-Mar,0,1
12098,에스엔유프리시젼(주),80000,12-Dec,-6.54,1
12108,에스엔케이폴리텍(주),91340,13-Dec,-4.75,1
12135,에스지씨에너지(주),5090,17-Dec,-1.29,1
12154,에스지에이(주),49470,18-Dec,-3.34,1
12161,에스지에이솔루션즈(주),184230,19-Dec,-5.12,1
12253,에스트래픽(주),234300,19-Dec,-1.04,1
12270,에쓰씨엔지니어링(주),23960,12-Dec,0.53,1
12280,에이비엘바이오(주),298380,18-Dec,-35.29,1
12311,에이치에스디엔진(주),82740,14-Dec,-2.93,1
12317,에이치엘비(주),28300,11-Dec,0.86,1
12326,에이치엘비글로벌(주),3580,11-Dec,-5.94,1
12335,에이치엘비생명과학(주),67630,11-Dec,-2.39,1
12344,에이치엘비제약(주),47920,15-Dec,-1.46,1
12350,에이치엘비테라퓨틱스(주),115450,12-Dec,-0.57,1
12358,에이치엠엠(주),11200,11-Dec,-1.4,1
12378,에이테크솔루션(주),71670,13-Dec,-0.24,1
12386,에이프로젠제약(주),3060,12-Dec,-5.51,1
12394,에이피시스템(주),265520,17-Dec,0,1
12404,에이피에스홀딩스(주),54620,18-Dec,-4.41,1
12418,에코바이오홀딩스(주),38870,17-Dec,-4.12,1
12422,에코캡(주),128540,19-Dec,0.32,1
12430,에코플라스틱(주),38110,18-Dec,-0.41,1
12439,엑스큐어(주),70300,15-Dec,0,1
12453,엔시트론(주),101400,13-Dec,-17.06,1
12493,엘브이엠씨홀딩스(주),900140,19-Dec,0.12,1
12497,엘비세미콘(주),61970,14-Dec,-0.35,1
12521,엘지전자(주),66570,11-Dec,0.88,1
12531,엘컴텍(주),37950,12-Dec,-3.19,1
12571,영신금속공업(주),7530,17-Dec,-2.79,1
12590,영풍정밀(주),36560,18-Dec,0,1
12609,영화금속(주),12280,19-Dec,0.64,1
12620,예스이십사(주),53280,18-Dec,-2.73,1
12644,오상자이엘(주),53980,19-Dec,-5.78,1
12645,오성첨단소재(주),52420,11-Dec,0.3,1
12669,올릭스(주),226950,19-Dec,-2696.06,1
12670,옴니시스템(주),57540,11-Dec,-4.11,1
12698,와이아이케이(주),232140,16-Dec,0,1
12728,우리바이오(주),82850,17-Dec,-0.48,1
12755,우리엔터프라이즈(주),37400,17-Dec,-0.4,1
12759,우리이앤엘(주),153490,14-Dec,-0.31,1
12797,우진비앤지(주),18620,16-Dec,0.46,1
12810,원풍물산(주),8290,19-Dec,-1.83,1
12817,웰바이오텍(주),10600,17-Dec,-8.77,1
12824,위즈코프(주),38620,14-Dec,0.37,1
12834,유네코(주),64510,19-Dec,-0.57,1
12845,유니슨(주),18000,12-Dec,-0.13,1
12875,유비벨록스(주),89850,15-Dec,-1.24,1
12904,유엔젤(주),72130,17-Dec,-5.78,1
12907,유진기업(주),23410,11-Dec,-0.36,1
12935,이구산업(주),25820,12-Dec,-0.82,1
12943,이노시스(주),56090,15-Dec,-2.64,1
12972,이엠코리아(주),95190,17-Dec,-0.08,1
12985,이원다이애그노믹스(주),245620,19-Dec,-10.38,1
12988,이원컴포텍(주),88290,13-Dec,-59.37,1
12997,이트론(주),96040,12-Dec,-1532.3,1
13016,이화산업(주),760,13-Mar,0.34,1
13023,이화전기공업(주),24810,11-Dec,0.66,1
13033,인베니아(주),79950,12-Dec,-10.2,1
13042,인선이엔티(주),60150,12-Dec,-0.48,1
13105,인화정공(주),101930,17-Dec,-0.2,1
13118,일동홀딩스(주),230,17-Dec,0.61,1
13150,일양약품(주),7570,13-Mar,0.54,1
13164,일정실업(주),8500,18-Dec,-33.23,1
13180,일진디스플레이(주),20760,16-Dec,-23.88,1
13186,일진머티리얼즈(주),20150,13-Dec,-5.04,1
13194,일진전기(주),103590,12-Dec,-0.52,1
13203,일진홀딩스(주),15860,12-Dec,-0.42,1
13213,잉글우드랩(주),950140,18-Dec,-0.36,1
13218,자이글(주),234920,19-Dec,-22.91,1
13228,자화전자(주),33240,19-Dec,-13.75,1
13229,재영솔루텍(주),49630,11-Dec,0.77,1
13239,전방(주),950,12-Dec,-4.14,1
13247,전진바이오팜(주),110020,18-Dec,-16.98,1
13251,제너셈(주),217190,17-Dec,-3.06,1
13268,제룡전기(주),33100,17-Dec,-18.88,1
13277,제이더블유신약(주),67290,13-Dec,0.81,1
13284,제이더블유중외제약(주),1060,11-Dec,0.67,1
13293,제이더블유홀딩스(주),96760,11-Dec,0.13,1
13302,제이스코홀딩스(주),23440,11-Dec,-2.13,1
13332,제이엔케이히터(주),126880,14-Dec,0.97,1
13339,제이엠아이(주),33050,12-Dec,-17.38,1
13347,제이엠티(주),94970,11-Dec,-1.19,1
13357,제이준코스메틱(주),25620,12-Dec,-2.63,1
13403,조광페인트(주),4910,19-Dec,-0.14,1
13435,조아제약(주),34940,15-Dec,0.27,1
13444,조일알미늄(주),18470,15-Dec,-3.11,1
13449,주성엔지니어링(주),36930,11-Dec,0.23,1
13459,줌인터넷(주),239340,17-Dec,-1.79,1
13466,지나인제약(주),78650,15-Dec,-1.24,1
13486,지에스건설(주),6360,14-Dec,0.44,1
13500,지엔원에너지(주),270520,18-Dec,0,1
13502,지엘팜텍(주),204840,14-Dec,-0.86,1
13530,진양제약(주),7370,16-Dec,-29.59,1
13540,진양폴리우레탄(주),10640,17-Dec,-7.26,1
13550,진양화학(주),51630,18-Dec,-927.25,1
13552,진원생명과학(주),11000,11-Dec,-21.59,1
13561,진흥기업(주),2780,11-Dec,-4.86,1
13587,참존글로벌(주),158310,15-Dec,-26.74,1
13605,커머스마이너 (주),223310,17-Dec,-5.13,1
13608,컨버즈(주),109070,11-Dec,-1.59,1
13638,케이비아이동국실업(주),1620,18-Dec,-1.68,1
13640,케이비아이메탈(주),24840,11-Dec,0.59,1
13661,케이씨코트렐(주),119650,14-Dec,-16.42,1
13669,케이알모터스(주),40,13-Dec,-4.29,1
13676,케이에이치건설(주),226360,15-Dec,-2.01,1
13690,케이엠제약(주),225430,15-Dec,-1.14,1
13714,케이피엑스라이프사이언스(주),114450,14-Dec,-4.36,1
13744,코나아이(주),52400,17-Dec,-7.91,1
13747,코드네이처(주),78940,11-Dec,-0.22,1
13785,코스모신소재(주),5070,11-Dec,0.33,1
13796,코스모화학(주),5420,13-Dec,-0.8,1
13805,코아스템(주),166480,17-Dec,-58.98,1
13810,코오롱글로벌(주),3070,13-Dec,0.31,1
13824,코오롱생명과학(주),102940,18-Dec,-23.27,1
13836,코오롱티슈진(주),950160,18-Dec,-31.45,1
13859,코웰패션(주),33290,14-Dec,-2.29,1
13889,큐렉소(주),60280,12-Dec,-5.02,1
13900,크로바하이텍(주),43590,14-Dec,-7.22,1
13908,크루셜텍(주),114120,13-Dec,-2.82,1
13915,크리스탈지노믹스(주),83790,11-Dec,-20.73,1
14004,테라사이언스(주),73640,13-Dec,-1.28,1
14026,티와이엠(주),2900,17-Dec,-0.19,1
14039,티케이지애강(주),22220,12-Dec,-0.46,1
14069,파나케이아(주),58530,15-Dec,0.6,1
14074,파미셀(주),5690,11-Dec,-9.14,1
14084,팜젠사이언스(주),4720,12-Dec,-5.58,1
14092,패션플랫폼(주),225590,15-Dec,0,1
14098,팬오션(주),28670,12-Dec,-1.57,1
14112,퍼스텍(주),10820,17-Dec,0.69,1
14116,페이퍼코리아(주),1020,11-Dec,-0.9,1
14125,평화산업(주),90080,11-Dec,-0.24,1
14134,평화홀딩스(주),10770,11-Dec,0.02,1
14143,포스코스틸리온(주),58430,11-Dec,-5.73,1
14195,피에스텍(주),2230,19-Dec,-7.32,1
14207,하나마이크론(주),67310,13-Dec,-0.6,1
14367,한국전력공사(주),15760,12-Dec,-0.35,1
14404,한국정밀기계(주),101680,13-Dec,-2.78,1
14411,한국정보공학(주),39740,11-Dec,-1.85,1
14439,한국조선해양(주),9540,15-Dec,-7.25,1
14451,한국주강(주),25890,18-Dec,-20.38,1
14453,한국주철관공업(주),970,11-Mar,0.23,1
14470,한국지역난방공사,71320,19-Dec,0.69,1
14471,한국철강(주),104700,11-Dec,-26.91,1
14520,한국프랜지공업(주),10100,18-Dec,0.24,1
14532,한국화장품(주),123690,12-Dec,-7.37,1
14547,한라아이엠에스(주),92460,18-Dec,-0.8,1
14584,한성기업(주),3680,19-Dec,-1.77,1
14637,한솔제지(주),213500,15-Dec,-2.61,1
14643,한솔테크닉스(주),4710,12-Dec,-3.12,1
14679,한신공영(주),4960,12-Dec,0.92,1
14697,한양디지텍(주),78350,12-Dec,-2.62,1
14724,한올바이오파마(주),9420,12-Dec,-1.29,1
14748,한일단조공업(주),24740,18-Dec,0.14,1
14757,한일사료(주),5860,18-Dec,0.67,1
14762,한일철강(주),2220,12-Dec,0.84,1
14770,한일현대시멘트(주),6390,11-Dec,0.28,1
14826,한화솔루션(주),9830,13-Dec,0.44,1
14838,한화에어로스페이스(주),12450,15-Dec,-3.59,1
14861,해성옵틱스(주),76610,18-Dec,-1.46,1
14908,현대로템(주),64350,15-Dec,-3.17,1
14924,현대바이오사이언스(주),48410,12-Dec,-5.92,1
14977,현대위아(주),11210,18-Dec,0.08,1
14981,현대일렉트릭앤에너지시스템(주),267260,19-Dec,-4.66,1
15016,현우산업(주),92300,13-Dec,-1.29,1
15114,휴림로봇(주),90710,13-Dec,-3,1
15121,휴마시스(주),205470,14-Dec,-0.76,1
15147,흥아해운(주),3280,17-Dec,-0.42,1
